{"1BGY": [-0.5378475084500389, -0.4570077564994269], "3HMX": [-1.9866217698092714, -0.22342203994401894], "1CYO": [2.6462190243195445, 1.4427289178029692], "6PP9": [-1.1337427419881123, 0.44660963871140186], "1FSD": [9.183453352606803, 35.49559424308295], "1C3W": [0.31024462585586104, -1.6304005638950467], "3PL9": [0.21205899091022512, 0.17104588563759718], "6CQ2": [-0.12503881064060324, 0.204324108623457], "1XIO": [-2.3036525734798516, 0.2524497017028429], "2HDI": [-1.8193382517110246, 0.3921328189404795], "1GAV": [-1.795549558091429, -2.655615459471197], "3C5J": [-2.16534460712478, -2.5176367871440144], "1HRC": [-0.5708134545137296, 3.247068267241073], "4XK8": [-0.7437920018845318, -0.9678190809224041], "1W84": [-1.5169355778452134, -0.1639911750592098], "2CPP": [0.39845304687311134, -1.5779074244111602], "1QRD": [-1.5435954031984709, -0.659738547066225], "4R9N": [0.956723273788599, 0.5230316117048041], "1GP1": [-0.6144118463810272, 0.3096929710079259], "1CPO": [-2.0689517280378564, -1.3948423279078546], "1MBO": [3.7554331793281954, 1.0781461293235373], "1AMO": [-0.3467793075257687, 0.11075903782994702], "3ID6": [-0.847419627418597, 0.45737417602337516], "4HEA": [0.2673148679180478, -1.4729297027755035], "1QLE": [-1.2856457562613772, -0.15885924034041093], "1LPG": [-1.482528439421474, 0.01769700633980993], "1QQW": [-1.5058122872976198, 0.16082450317360808], "1QAG": [-2.6477093103808382, -0.39117060801517073], "4WCH": [-0.047648317066245206, -0.9992683173186159], "1BPO": [-1.0945505526131316, -0.24697181137950264], "5XMK": [1.5247367473745141, 0.24656296532587704], "3PCY": [-1.4266573172273507, -0.5691134051458259], "1J93": [0.03769787110285446, 0.2795235315818422], "1DYO": [-2.256340183354469, 4.315503258235103], "1AQW": [-0.6779476469925271, 0.2567933103839789], "1DPU": [3.9161341360955957, -0.08433536287914369], "1MQQ": [-0.62267734732698, 1.0234579880447268], "3I6Q": [-0.42039439184676264, 0.8452184902356566], "1ZOY": [-0.7916977320939725, -0.9300813068016714], "6H6C": [-1.4286831909857831, 0.3020450864903992], "1GGX": [-0.12132509282380718, 2.3131467029733406], "3BZ0": [-0.3363569132625112, 0.39287674153505586], "5ZP5": [-0.4278689410064513, -0.7256487328010269], "4F3S": [-2.0413168708826848, 2.4868869043695367], "6EIK": [41.06765791292163, -10.270041242917548], "3NIR": [-6.650417046284443, -14.44112060672687], "1AG6": [-0.7946588098059322, -1.0945374693759615], "2XFK": [-1.4792538636603731, 0.05024845435610392], "1DIY": [-1.1716286161794216, 0.7484310030183158], "7C3T": [0.6997656341551363, -2.794113977775847], "2YCC": [-0.9880311354172902, 3.8677209521676446], "2DN1": [-0.5897191322208493, -2.444219276228436], "2B10": [-0.8735709342587932, 2.7804389825166127], "1JWA": [0.634400053741525, -2.0780824872487234], "3U7Q": [-0.8526445832736409, 0.16106902491730457], "3K3R": [0.475478896856977, 0.5883788614820318], "1DAA": [-0.24082580690200875, 1.8451621935086135], "3UOD": [1.7106083614657508, 1.4606560964131936], "4PHU": [0.23927972023644545, -2.349158938792379], "2C2A": [-0.8069860063580855, 0.8364688145719303], "6IYT": [0.4608182726529648, -2.6725664691352744], "1HFE": [-0.7970782788917864, -0.21386899584068758], "1SUO": [-0.13350603131883812, -0.4186744119767929], "2BXS": [-1.1073514637994637, 1.1936483633776815], "5B1A": [-0.756231533937769, -0.05045469716026613], "1B33": [-0.7985739410636112, -1.2822807036957642], "1FIQ": [-0.1946731756262096, -0.15377557925588564], "1ATJ": [-2.2000786832977015, -0.8037519057601004], "1APX": [1.0982782752331586, -0.7345065836805429], "1LS6": [-1.7077531922806208, 0.5964935116702542], "4JQI": [0.07651172735650844, -1.2946993369823023], "9RUB": [0.8574220058123103, -1.8073235799714515], "3QRJ": [-0.40889181093022287, 0.7342680672274184], "1URD": [-1.1293341213049635, -0.5818281212123764], "3RUK": [-0.4274612053726033, -0.2331669101398625], "1GPE": [-1.5191634213153073, -0.6592584489531483], "1L0P": [-1.616849684429847, 0.8088331714016621], "4N9X": [-0.24788036486689893, -1.456921486910077], "1FYT": [-1.7463299069567395, -0.6464765594057036], "3E6I": [-0.9083453705319544, 0.10140428503982102], "7C01": [-2.1855945907426375, -1.3938100786350596], "1W0F": [-0.7791189431882267, 0.9006612302820732], "4F4M": [-2.0738898881585457, -0.9358194791779457], "1PQ2": [-1.2162248341104331, 0.330454211093465], "3WU2": [-0.7729141189616577, -0.6822612287876643], "1BKW": [0.2516913485819817, -1.3728591725091208], "1TQN": [-0.6586019625576455, 0.9148570335842469], "4NT8": [-0.689965019571786, -2.3876586952374264], "2HP0": [0.18905960978850683, -1.5445400094170285], "6GCI": [-1.033756048658772, 0.586867542528348], "3NUV": [-1.5411443514311363, -1.878139412036102], "3CPP": [0.39845304687311256, -1.5779074244111597], "3QM8": [1.6056995520280197, -0.3535288664200021], "1HSA": [0.04069567718287592, -0.9531147889563661], "2F9Q": [0.16799960982158757, -1.4902724018185554], "3OC4": [-0.9073030780813128, -0.32393520836811535], "3L3Q": [11.829175526518675, -0.5064419986056301], "6QND": [0.7223102526983164, -0.4000911469059811], "2B3R": [-0.9744288400692485, 2.657650760056474], "6IAU": [-0.815771187486243, -1.975968522683457], "2LH2": [1.3254996086977064, -0.3125450994890232], "2CJW": [-0.6086094948502521, 0.9820568153643304], "3N07": [1.7331326379972376, -0.4313619225605541], "4P6X": [2.3269860762674632, -1.631600192012207], "1AM7": [0.57832837410243, 1.0493538199617667], "3S9V": [0.6577052194610736, 0.20956885208788054], "1U19": [-2.116992882665828, -0.585133654956605], "1QMV": [0.0792419397451517, 1.0558926305718241], "1CF3": [-1.644658639740343, -0.6214478411213332], "3ZHE": [-0.42399775245691323, 0.8496012095809872], "1A3N": [-0.5888365572615496, -2.440169604303737], "6KJ6": [0.7304356680741783, -0.45621428493851346], "1M0L": [0.3102446258558561, -1.6304005638950543], "5XNL": [-0.8917036114418012, -0.6424883179429758], "5TLO": [2.1876058251774237, 1.0340602720358982], "2PJA": [-1.0216369917726578, 0.7558127175068816], "1DO7": [3.6466929519609512, 0.7938627432545504], "2V0M": [-0.7441553832848213, 0.8900404400859316], "2NN2": [0.19299798137726865, 1.480316945967567], "4DNM": [1.5569414736467289, -2.9474263048089013], "1NU9": [-0.06182743806088553, 2.190196984481309], "2HI4": [-0.4312074964367404, 0.18957427711306263], "1AMU": [-1.3855347071297321, 1.212506467607598], "3TH5": [-1.8453019405246174, -1.2545766067795399], "1YVB": [-1.121916964073797, 0.35155893842736163], "4AM6": [-1.126756804832874, 0.799363347083683], "3H1D": [-0.7968278456786216, 0.2455234189220375], "1R5H": [-0.853419326013283, 0.8533437883861291], "1VAR": [-0.5986171466693202, 0.2589037913158586], "1PYP": [-0.19234644150561703, -0.512233685106424], "1PIH": [-1.362750839211445, -4.320492079500881], "2VZ4": [0.09705208145238879, -0.6418383840413779], "3R8H": [0.10290640456479833, -0.7492892239451215], "4IQR": [1.932934318322819, 1.1893279030181245], "3QZV": [-0.7115173663698734, 5.264749582235156], "3S9D": [-1.0301210778987566, 0.2558800749136139], "4UFG": [4.516854828674246, 1.9844476912295024], "1QML": [-0.35181081913549994, 0.1297173832824423], "1R9O": [-1.2557244728634354, 0.7192614523321805], "6HUP": [-1.5646675718396053, 0.32192724680682355], "1EQY": [-0.9809805183676493, 1.1948916694386174], "1NOD": [-1.313913583886013, -0.17177609752155984], "1FM9": [1.2112990267652932, 0.7376938005495602], "2WVZ": [-1.8743037927314512, 0.7044242701051442], "1RWT": [0.5104498667088461, -2.2061353533834303]}