{"1BGY": [0.3596991627384157, 0.9764499761004645], "3HMX": [-1.628166770882476, -0.1390706634608852], "1CYO": [0.7321242810264281, -1.4550677548200768], "6PP9": [0.2655943912245764, -1.3292542511412557], "1FSD": [1.7775399284214253, -2.1327829588371694], "1C3W": [-1.7549082428842404, 1.0283054691747275], "3PL9": [0.4859462483318834, -0.15631978722448853], "6CQ2": [0.7710868542095326, 1.3931171541552916], "1XIO": [-1.4141006050069296, -0.7683267077028916], "2HDI": [-0.8855221841677258, 0.307507475884317], "1GAV": [-1.693275019478969, 2.5874561359097052], "3C5J": [0.12869238300920832, -1.4608732699161107], "1HRC": [-0.3411489274925425, -1.0643535585697128], "4XK8": [-1.0717261740675916, 0.35131110989774095], "1W84": [0.31499536167902403, -0.8361652609674267], "2CPP": [0.6284306698498124, -0.5114271243767216], "1QRD": [-0.25816364414734305, -0.23410777588193843], "4R9N": [0.24922302089462597, -0.47130794954244193], "1GP1": [-1.0352932592856219, 0.13748983536236176], "1CPO": [-1.7752651803526371, 0.6901510841561407], "1MBO": [3.010497776286145, -1.1443474171352672], "1AMO": [0.1012037396668163, -0.27898987192659225], "3ID6": [-0.019933628786945382, -0.5396250718913694], "4HEA": [0.263137954838237, 1.3078360796875281], "1QLE": [-1.3110573506025862, -0.03950487347772222], "1LPG": [-0.7195635402088184, 0.2415150449194988], "1QQW": [-0.7195440554253609, -0.5811385856131186], "1QAG": [-0.10679743491312962, -1.4440555723827975], "4WCH": [1.1536665345097086, -1.638631648385598], "1BPO": [-0.10680147522964804, -0.4223041893657994], "5XMK": [0.8807373575353161, -0.10274290124565005], "3PCY": [-2.009332106515732, 0.0678981689003881], "1J93": [-0.3501654471396276, 0.043944103234592115], "1DYO": [-2.3294873420513236, 1.3977921962119995], "1AQW": [-0.2670010149913723, -0.026621060414950517], "1DPU": [4.260930681169321, 1.854966757308654], "1MQQ": [-0.27096621560071665, -0.7746402787558707], "3I6Q": [-0.7546453797055447, 0.1719163234070416], "1ZOY": [-0.19564875652775665, 0.36593606841497844], "6H6C": [0.21672071702199988, 0.6238885719077198], "1GGX": [-1.071339633687409, -1.5283102710671326], "3BZ0": [0.31589180985746845, -1.8084668075091683], "5ZP5": [-0.19111956140477013, 0.9158477398443988], "4F3S": [-1.7222334232616647, -0.6670670082880421], "6EIK": [7.698742071029158, 4.300967920537147], "3NIR": [-3.480253636910763, 3.228478374179108], "1AG6": [-2.0513627437128155, 0.5489296624077517], "2XFK": [-1.3016923812408276, -0.15703387974127553], "1DIY": [-0.9598331574793996, -1.2203318208721197], "7C3T": [1.2576817701239886, 3.081780638590758], "2YCC": [-0.7756173817862547, -0.5146315982713606], "2DN1": [0.4989937029585236, 0.8193838527889894], "2B10": [-0.941046893986095, -0.5201434111328156], "1JWA": [0.632781066429014, 1.1139638121724997], "3U7Q": [-0.6193687513843211, -0.778284765901725], "3K3R": [1.5350628013939778, -0.1855868322288204], "1DAA": [-0.2147719281092635, -1.1317100597610237], "3UOD": [1.0974580632067452, -0.7446433845703863], "4PHU": [-0.1283433331163366, 2.236703079226336], "2C2A": [0.6983913181858783, -0.8716267554950015], "6IYT": [0.5994291270488047, 3.1192679023490526], "1HFE": [-0.49678106922766085, -0.0856581121200381], "1SUO": [-0.5452350676231074, -0.8665004810601693], "2BXS": [-0.19162124662043248, -0.22162819222857305], "5B1A": [-0.8061869844957569, -0.16217160242282108], "1B33": [-0.18119785505271047, 1.5782765536746572], "1FIQ": [-0.3861636833088622, 0.10923099855474018], "1ATJ": [-1.408764809646796, 0.3491701728841032], "1APX": [0.3618244008633596, 0.46210897680586044], "1LS6": [-1.0399144377667202, -1.1947504852845532], "4JQI": [-0.8835218338946484, 1.4506620710346125], "9RUB": [0.01508823218010834, 1.340723957488917], "3QRJ": [-0.4155049226641642, -0.4071432798439776], "1URD": [-1.612834567404821, 0.36173089184197854], "3RUK": [0.08202634031449998, -1.3572868697445999], "1GPE": [-1.0399605666355558, 0.47240331851088946], "1L0P": [-1.8157246018445845, 0.60711600944514], "4N9X": [1.6243321589005906, -0.14202782953463106], "1FYT": [-1.3495699410964255, -0.20540727099965658], "3E6I": [-0.35660225013964425, -1.4532387758211016], "7C01": [-2.8015699390712077, 0.8499695393823017], "1W0F": [-1.4559740966303136, -1.3008665442040277], "4F4M": [-0.6908830373855818, 2.099062973776626], "1PQ2": [-1.2576599740042942, -1.211534710165761], "3WU2": [-1.1138174247723311, 0.1637676773997582], "1BKW": [1.3121115170494082, 0.8771958310510772], "1TQN": [-1.2629608936703909, -1.4086222778430757], "4NT8": [0.8165199288656559, 0.5843779845190796], "2HP0": [-0.2541724659185745, 0.98789393523609], "6GCI": [-1.2483132407542525, 1.404635497085821], "3NUV": [-0.07060504975009428, 2.43975114951382], "3CPP": [0.6284306698498119, -0.5114271243767217], "3QM8": [1.149812385388111, 0.7313773454998044], "1HSA": [3.3702407752962116, 5.8405779845417385], "2F9Q": [0.35797692652674556, 0.09820114322178584], "3OC4": [-0.08617490636969131, -0.3902163299016136], "3L3Q": [4.8426160788885, 1.197229001875879], "6QND": [1.3771154530671403, 1.0652665839110012], "2B3R": [-1.3699845212802515, -0.7306551160642174], "6IAU": [0.7961139348124734, 1.7420070575395954], "2LH2": [0.7256062872167143, 0.950995422167592], "2CJW": [1.3557301862777127, -0.02832760703546837], "3N07": [0.8781695889026048, -0.3210669000161219], "4P6X": [1.4214535848011114, -1.2758121313160986], "1AM7": [1.0280626340963206, -0.13141030309502902], "3S9V": [-0.20487017702706192, -0.8407282661374371], "1U19": [-2.836455281872538, -0.1608251728929851], "1QMV": [-0.7732658917792657, 0.3578985977887855], "1CF3": [-0.799995616603201, 0.7929065691923701], "3ZHE": [0.055356125132680116, -1.4483313550813708], "1A3N": [0.4786322336646318, 0.8372911854721862], "6KJ6": [1.3494037419873877, 0.01008820627553679], "1M0L": [-1.7549082428842417, 1.0283054691747289], "5XNL": [-1.5600398555244592, 0.3071861337854995], "5TLO": [4.789067001292882, -4.216916034064442], "2PJA": [-1.9847525607133543, 0.31853097735907704], "1DO7": [2.886639689680676, -1.078320325126712], "2V0M": [-1.3380089836167857, -1.3246680343488832], "2NN2": [-0.16234779754650072, 0.6702475712793498], "4DNM": [3.339308532856721, 2.5564789969511446], "1NU9": [0.055397154505851455, -0.962080963735193], "2HI4": [-0.2673006930563858, -0.6785934831201107], "1AMU": [-0.29105073630587325, -1.4447734754797688], "3TH5": [-0.8702220322018384, 0.45114313782198895], "1YVB": [-0.6233700589077372, -0.4292381885274656], "4AM6": [-0.32663588299157276, -1.3597912678542206], "3H1D": [0.23112657911797946, -1.543017538125116], "1R5H": [-0.4762936057589737, -0.21559858833042353], "1VAR": [0.29054304868978387, -0.5708151543689152], "1PYP": [-0.7347094401539059, -0.532427062269808], "1PIH": [1.2973480233174244, 2.259825321328065], "2VZ4": [3.260239524447258, 0.09345455351411626], "3R8H": [0.20451510370191953, -0.4904758017706383], "4IQR": [5.2013088982808995, -3.8226213681708323], "3QZV": [-0.5187323388074488, 0.5409581364750353], "3S9D": [-0.8515448886367369, -1.1761540582596173], "4UFG": [1.6707509927761235, -1.9778638827409396], "1QML": [0.11251070504992225, 0.2944626909094418], "1R9O": [-0.8120068133141335, -1.5551839570934651], "6HUP": [-1.7305301976138812, -0.05399226914701108], "1EQY": [-0.7514424428904358, -0.20392922182254347], "1NOD": [-0.03269043594532172, -0.9228009690565583], "1FM9": [4.276109224020975, -3.3857250394236766], "2WVZ": [-2.07660351584393, -0.8866311676558053], "1RWT": [-1.1811729958972246, 1.171435554537506]}