{"1BGY": [-0.18191117023862047, 0.8158668102521427], "3HMX": [-0.27445205609032075, 1.7771878421087082], "1CYO": [4.7244419207352495, 1.7104401137797192], "6PP9": [0.5280435761558729, -2.0835707713433544], "1FSD": [13.586349108052591, -0.7581303164985507], "1C3W": [-9.57339440200643, -3.362526800459075], "3PL9": [-3.2613627161655927, -0.9284895820277304], "6CQ2": [1.290335355450743, 3.4407814647884534], "1XIO": [-8.205072014967012, -5.789415977603099], "2HDI": [2.8119853957826177, 3.1998926620882213], "1GAV": [-3.257712511388994, 3.4933072536887035], "3C5J": [-1.339009606145635, -2.738128110754457], "1HRC": [5.628490091410116, 2.0815654814054696], "4XK8": [-4.305264264426869, -0.6533836261678205], "1W84": [0.18446240253551938, -1.9969571879566044], "2CPP": [0.15714339726476176, -0.7590994426590659], "1QRD": [0.1934735016247374, -1.1957412925006816], "4R9N": [1.2304122339245347, -1.5547935358484621], "1GP1": [-0.2103262418749909, -1.1336389366294735], "1CPO": [-2.085902822288397, 3.1227887079095877], "1MBO": [2.816665956576017, -0.40268071252520143], "1AMO": [1.7465497003316008, 0.188865252936038], "3ID6": [2.1602054609918766, -3.0822712944056905], "4HEA": [-4.376326377893899, -1.5422540373834435], "1QLE": [-4.905193786109032, -0.3642847681877515], "1LPG": [1.1505766060607208, 1.9575029323535453], "1QQW": [1.6594598616302185, 0.9688120325067356], "1QAG": [1.174733882976392, -2.0361654376526035], "4WCH": [0.6679793558159605, -1.46936383001807], "1BPO": [0.037569023802784415, -0.9611105941032225], "5XMK": [3.261418603569866, 0.6793391161309974], "3PCY": [-1.2116810328127559, 2.1295113202353413], "1J93": [-0.6911246844359741, -1.5358340421951397], "1DYO": [-2.5058067098324583, 4.239220891490752], "1AQW": [-1.049289161551841, -1.16933054323476], "1DPU": [4.1484923582121045, 1.6031324168734413], "1MQQ": [1.0626239913948583, -0.4730800154774844], "3I6Q": [-0.9735080200851741, -1.144023912493024], "1ZOY": [-3.0909457131506395, -0.04676253430344061], "6H6C": [-0.42994646952602533, 1.2338399476819475], "1GGX": [2.3452307573981237, -1.293584226847426], "3BZ0": [0.5281789769217115, -1.541811396265671], "5ZP5": [-0.13405493012011804, 2.3450972661838407], "4F3S": [0.5884980584194619, -1.0296117533512168], "6EIK": [5.518889786408031, 0.9002705891029866], "3NIR": [-8.713962139253521, 3.5170651940824302], "1AG6": [-1.1816104310525664, 2.6506014513908003], "2XFK": [-1.6257789713977209, 0.17728860675412636], "1DIY": [-1.3618484044728794, -2.3695186558903676], "7C3T": [-3.5929475967669022, 2.8575605824857884], "2YCC": [3.768569852853516, 3.536137945795014], "2DN1": [-1.870130029343301, 1.8258270378300052], "2B10": [3.4033079128597885, 2.5180999337509786], "1JWA": [-2.264895667521449, 1.1822422797156389], "3U7Q": [1.174511694109669, -0.22191289934036804], "3K3R": [2.2074973129996334, 0.039218198887890104], "1DAA": [2.430168867880311, -1.535198385672725], "3UOD": [2.1827225806831554, -1.9115968542657444], "4PHU": [-5.452483155287933, 0.9851524758146171], "2C2A": [2.551839543496487, -3.403343002606668], "6IYT": [-3.229187365872711, 4.014132022830124], "1HFE": [1.7755514508727428, 1.7175981955751143], "1SUO": [-0.5316734500983552, -1.6384525576799316], "2BXS": [0.48444148457601954, -0.7044800800872119], "5B1A": [-1.7075749409483334, -0.5396416450892461], "1B33": [-0.9973963875868279, 2.4354595358300988], "1FIQ": [-0.6889424725052772, 0.4821208859804814], "1ATJ": [-1.3189753741347638, 1.539527578471969], "1APX": [0.605919961385606, 2.838983590154325], "1LS6": [0.4174178432090562, -1.480137008820247], "4JQI": [-0.29935696912011434, 2.9394805312798313], "9RUB": [-1.039647523719821, 3.7721341411381606], "3QRJ": [0.3898417730976559, -2.415570091121143], "1URD": [-1.825009141657375, 2.1951745404514007], "3RUK": [0.1510172268002293, -2.3675261910015895], "1GPE": [-1.3962257235271112, 2.351572465825312], "1L0P": [-1.169309012975965, 4.147065937840928], "4N9X": [-1.0495847071671751, -0.14082774904434686], "1FYT": [1.4114117054379467, -0.15822262106121798], "3E6I": [0.5262909039516256, -3.2444129167170406], "7C01": [-2.1766277103989182, 3.2645339883233015], "1W0F": [-0.6723198540940759, -4.040782801072867], "4F4M": [-1.8070788675303389, 4.2906542051741585], "1PQ2": [0.16341741407871105, -2.2519745118013943], "3WU2": [-6.654221332890298, -4.1286951941510805], "1BKW": [0.4616476275329558, 0.942660694924591], "1TQN": [-0.12283280673389453, -3.7406416775013294], "4NT8": [-0.8579653644448034, 0.3360816431732558], "2HP0": [-2.2901467697770084, 3.9198832199728373], "6GCI": [-1.3426020723621173, 3.937519620504731], "3NUV": [-1.5729020371572064, 3.019175528715798], "3CPP": [0.15714339726476179, -0.7590994426590653], "3QM8": [-1.239700742641688, 0.9522524990264232], "1HSA": [-0.013252933131653585, 9.643137251617775], "2F9Q": [-0.6345790301907509, -0.222094192599211], "3OC4": [-0.4937765180867484, -1.355138811155932], "3L3Q": [17.968595239201857, 2.4453594077992946], "6QND": [1.820803372082775, 3.2567881100737734], "2B3R": [1.5952002984367164, 0.14615980412695273], "6IAU": [-1.5026301248632536, 4.154688888196987], "2LH2": [-0.6930911886541254, -0.15032908730050984], "2CJW": [3.249633688243172, -0.852368044013937], "3N07": [-0.8198502046491959, -1.2457932645341823], "4P6X": [3.534435082201575, -4.604162277643089], "1AM7": [3.937069130032775, 3.2656607626496457], "3S9V": [1.610077054989037, -1.905170898590405], "1U19": [-6.6960435302020915, -3.536790195389347], "1QMV": [0.23842318774255483, 0.516159918392602], "1CF3": [-1.817657796138807, 3.7305791135919435], "3ZHE": [1.2093799172532311, -3.286551904953106], "1A3N": [-1.9401432404665382, 1.7250717689051485], "6KJ6": [2.7918908656045196, -0.9570333791021401], "1M0L": [-9.573394402006429, -3.362526800459077], "5XNL": [-5.447479613881867, -1.6537564720801892], "5TLO": [1.8814121798441887, -8.907912552202205], "2PJA": [-1.2524926574815172, 1.912032063058901], "1DO7": [2.778752420734461, -0.3516375182658437], "2V0M": [-0.39913946102195164, -4.22527357104651], "2NN2": [-3.980710682345897, -0.0835313810872003], "4DNM": [-0.3225306298750635, 2.189820257434267], "1NU9": [4.748679594001036, -0.4731042787451285], "2HI4": [-0.025414595382243107, -0.7484244370449884], "1AMU": [0.5795103878254697, -2.1955663731374147], "3TH5": [-1.0938396849640963, -0.9644531621896315], "1YVB": [1.190944215982215, -0.8988706840405765], "4AM6": [1.7028534766419492, -2.609889004911519], "3H1D": [2.2977532594364933, -2.489691356782875], "1R5H": [0.9084502312109373, 0.4404618219968791], "1VAR": [0.5125651480150809, 0.8437894298747985], "1PYP": [2.1259347059649505, 0.5274703935385762], "1PIH": [1.5438205822259123, 6.510482241585362], "2VZ4": [1.5736822316162369, 1.1601573927439157], "3R8H": [1.5036755229099634, -2.0102762857636054], "4IQR": [2.5082507146976845, -9.089576515282229], "3QZV": [-0.24884441254593384, 6.366323360245337], "3S9D": [-0.768244003338087, -3.21172598589085], "4UFG": [7.158709687596479, -3.992494863105949], "1QML": [-1.6998090968624888, -0.5431726566407529], "1R9O": [0.062009750241686826, -3.2151259241713546], "6HUP": [-2.7108728191299716, -1.3795404699103777], "1EQY": [-0.6458890685834296, 0.017783035094439424], "1NOD": [-0.28588049294946205, -1.2204480056031373], "1FM9": [3.72582836644054, -5.0117537767608304], "2WVZ": [0.5882446059182866, 0.48115463828872784], "1RWT": [-3.6307249333253027, 1.2465568024481302]}