{"1BGY": [15.642185617301434, 1.5874980540895074], "3HMX": [-1.3027836571956584, -1.0249377257129215], "1CYO": [-0.37894154629526616, -4.173606111122114], "6PP9": [-2.200947431320778, -0.31674196780776875], "1FSD": [15.642185617301429, 1.5874980540895103], "1C3W": [-1.224605056256485, -1.3249605632107273], "3PL9": [-0.8579958248825619, -2.957834036011612], "6CQ2": [-5.296679823135701, 4.879419901554104], "1XIO": [-1.619707848917409, -1.323872903522226], "2HDI": [-2.6686449455046812, 0.32089863725921947], "1GAV": [-0.3487475696836354, -3.2895159889112886], "3C5J": [15.642185617301436, 1.5874980540895132], "1HRC": [-0.5873803922794126, -4.018795472566379], "4XK8": [15.642185617301436, 1.5874980540895125], "1W84": [-2.7520396915684557, 0.7768367061270113], "2CPP": [-3.1797778631062794, 1.6133013399264549], "1QRD": [-1.9855598223771624, -0.9560907477029369], "4R9N": [-1.5807479008779257, -1.2006978884360322], "1GP1": [-1.2643697727734855, -2.758762123631342], "1CPO": [-1.850006913106346, 0.6361336135288836], "1MBO": [-1.0305640606401338, -3.17674454825777], "1AMO": [-4.972621171138666, 4.926218168737364], "3ID6": [-1.7899880534625479, -1.8896546091142628], "4HEA": [-2.0070284036263244, -0.6531331545018304], "1QLE": [-1.455984869005215, -0.9186648001392038], "1LPG": [-0.5925957805868546, -3.036477276696795], "1QQW": [-4.150722498284426, 3.6838584809958808], "1QAG": [-1.5660846373170902, -1.4830308966938208], "4WCH": [-0.9296720956783038, -3.216537072667846], "1BPO": [-3.8312619979279203, 3.6657050723291333], "5XMK": [-0.8273976932066579, -2.9008701219072925], "3PCY": [0.19985164364652835, -3.5226009580284185], "1J93": [-2.5096247798108404, -0.052057205288114854], "1DYO": [-0.9488715179734254, -2.783151879351804], "1AQW": [-1.223996643640272, -2.0048187131305397], "1DPU": [15.642185617301434, 1.5874980540895125], "1MQQ": [-5.77649577145602, 6.41881270502084], "3I6Q": [-2.1060063259474777, -0.5508469069533733], "1ZOY": [-1.7312018322893283, -0.5661677603473768], "6H6C": [-0.9789231806037546, -3.2890491383207094], "1GGX": [-1.6980865480324, -1.9933007129126068], "3BZ0": [-2.489700168235336, 0.1212197984816729], "5ZP5": [-4.905665215997443, 4.361208349322697], "4F3S": [-1.5827871171444396, -1.5234948335453253], "6EIK": [15.642185617301436, 1.5874980540895123], "3NIR": [1.4557026866195308, -3.9655648120341707], "1AG6": [0.16987093440639933, -3.57600718384596], "2XFK": [-2.9095749747658757, 1.2018217198993246], "1DIY": [-4.643615944778831, 4.674930955694754], "7C3T": [-1.0162266214309237, -2.6851619381074983], "2YCC": [-0.4767469238165259, -3.8429353133922337], "2DN1": [-0.434142728237596, -2.837304742374664], "2B10": [-1.3624594964634382, -2.1902962772211074], "1JWA": [-0.5700869079199102, -2.8354943648113857], "3U7Q": [-4.144572897116406, 3.2601208868372162], "3K3R": [-1.206009752914781, -3.0331536435132236], "1DAA": [-2.056250378165394, -0.6325543325597244], "3UOD": [-2.160952186546685, -1.560264761514989], "4PHU": [-3.0516865479829764, 1.722144592398226], "2C2A": [-1.7154781179806324, -1.7998267534789252], "6IYT": [-2.944854604144264, 1.2776271145448725], "1HFE": [-1.7491515459631264, -1.2276343325472086], "1SUO": [-3.6363403303865884, 2.063867346407728], "2BXS": [-4.0581995157848905, 2.7932686147420425], "5B1A": [-0.9211799623819332, -2.8909393686935245], "1B33": [-0.8516425520085289, -3.3218783169780304], "1FIQ": [-3.0537075200729458, 1.5968186055890734], "1ATJ": [-2.032232986820921, 0.05703163551540187], "1APX": [-1.6248045702393277, -1.5941213817401358], "1LS6": [-2.2439609507948104, 0.03796750922536382], "4JQI": [15.642185617301436, 1.5874980540895123], "9RUB": [-3.555000760635153, 1.9874327534912377], "3QRJ": [-2.0822303978064087, -0.9529444270155455], "1URD": [-2.713823982646062, 2.277486083638788], "3RUK": [-3.6836683256930973, 3.1083030857181453], "1GPE": [-4.654643068499902, 5.6638220276243825], "1L0P": [-3.531238530390549, 3.317776780705577], "4N9X": [-2.8413061117843674, 0.7511497027283265], "1FYT": [15.642185617301436, 1.5874980540895123], "3E6I": [-3.7242382919143804, 2.496220539540308], "7C01": [-1.038274752761882, -1.3847111717228218], "1W0F": [-3.6406425468711046, 2.764486659189472], "4F4M": [-0.7032900841449268, -3.0257108036939284], "1PQ2": [-3.6745494511513734, 3.068354336243634], "3WU2": [15.642185617301436, 1.5874980540895123], "1BKW": [-3.1034903696336884, 0.0045212316834095335], "1TQN": [-3.739770252412549, 2.981877815219694], "4NT8": [-1.1710334814358443, -3.0075277683965886], "2HP0": [-3.356725646383705, 2.8320101161018267], "6GCI": [-1.5464538149887557, -2.5710381491893726], "3NUV": [-0.5501177903529058, -3.5887136568832134], "3CPP": [-3.1797778631062776, 1.6133013399264564], "3QM8": [-0.48088087905855204, -3.05084036938923], "1HSA": [15.642185617301436, 1.5874980540895123], "2F9Q": [-3.557670689728094, 1.945203190095117], "3OC4": [-3.0815564728397216, 2.3652950749841435], "3L3Q": [15.642185617301436, 1.5874980540895123], "6QND": [-3.0907695370380783, -0.20856317561910348], "2B3R": [-0.6266130559950718, -3.5157442759949546], "6IAU": [-2.508030601226377, 0.023119099539402287], "2LH2": [-0.609185719252135, -2.775919152357104], "2CJW": [-1.418574911021222, -3.1488579087015633], "3N07": [-1.1497758702571348, -2.6899950649302027], "4P6X": [15.642185617301436, 1.5874980540895123], "1AM7": [-1.1021596545016228, -3.5343648519793383], "3S9V": [-6.358559213633969, 7.567343137684557], "1U19": [-2.508506062949192, 2.4133939956954342], "1QMV": [-1.399074477308559, -2.731798012291655], "1CF3": [-4.639040525607161, 5.471847994492055], "3ZHE": [-3.152848802180837, 1.6627820953550463], "1A3N": [-0.43985700116853477, -2.8288726707482166], "6KJ6": [-3.953574437363191, 2.3428508880968804], "1M0L": [-1.2246050562564854, -1.324960563210726], "5XNL": [15.642185617301436, 1.5874980540895123], "5TLO": [15.642185617301436, 1.5874980540895123], "2PJA": [-2.3275352831968705, 0.10554702862382992], "1DO7": [-1.0764751675852984, -3.1811841670438357], "2V0M": [-3.6137956145849, 2.6864772344648205], "2NN2": [-0.05791302472092524, -3.2105292804822025], "4DNM": [-2.4759427204250137, -1.7722010177984233], "1NU9": [-2.2863492547167743, -0.8835589859918734], "2HI4": [-3.8379759365100026, 2.9207351475520307], "1AMU": [-4.0978475427805865, 4.276966730927979], "3TH5": [-0.9756236251372, -2.529689632293084], "1YVB": [-1.1799561256949977, -2.602583866131286], "4AM6": [-5.122089056090791, 6.36897674466627], "3H1D": [-3.1647560346694257, 0.8433417507346083], "1R5H": [-2.8880790646986707, 1.0663127193480506], "1VAR": [-1.2541921284115316, -1.8971509912452724], "1PYP": [-2.016313927738647, -0.46879428867284767], "1PIH": [-0.3792314594439338, -4.50258152990974], "2VZ4": [-0.936589100197871, -4.4751494493428154], "3R8H": [-2.3133189390161992, -0.43163518815177254], "4IQR": [15.642185617301434, 1.5874980540895123], "3QZV": [15.642185617301434, 1.5874980540895123], "3S9D": [-0.8920075721894924, -2.6342018510367176], "4UFG": [15.642185617301434, 1.5874980540895123], "1QML": [-2.4524168196127523, -0.17015749534367905], "1R9O": [-3.592708550917484, 2.9212798653584797], "6HUP": [-2.485265643681724, -0.20554688916665306], "1EQY": [-1.7655720533952932, -1.3291769575194858], "1NOD": [-3.5079028912568866, 2.1942772635000347], "1FM9": [15.642185617301436, 1.5874980540895125], "2WVZ": [-6.466926387502298, 8.771475578901958], "1RWT": [-1.3583295239203423, -1.9438874880219428]}