{"1H6N": [4.603545188903809, -4.399677276611328], "3WPC": [-12.253403663635254, 0.33871540427207947], "1SMD": [2.633052349090576, -11.85171127319336], "1GCB": [4.457692623138428, 3.470730781555176], "1AU1": [-0.5129488110542297, 17.62078285217285], "3NFY": [5.075311660766602, 8.153533935546875], "1BXS": [-3.131119966506958, -11.471639633178711], "2VCT": [1.5703922510147095, 16.252099990844727], "1F6A": [4.9122538566589355, -14.800305366516113], "1F4L": [-2.5303759574890137, 0.27099907398223877], "2BX6": [-2.944827079772949, 10.663146018981934], "1YSA": [13.867990493774414, 14.921438217163086], "1MS9": [0.9359789490699768, -14.810236930847168], "1AVD": [5.1357855796813965, -19.530710220336914], "2DTM": [1.658431053161621, -19.631107330322266], "1XJO": [-2.8440699577331543, -23.423908233642578], "4N5F": [-11.744638442993164, -9.590679168701172], "1Z9M": [4.109126567840576, -17.254640579223633], "1MSO": [17.753408432006836, -2.819488525390625], "3VTA": [-0.4359644055366516, -21.62555503845215], "2Z7X": [15.463154792785645, 11.470370292663574], "1GPB": [-0.5712910890579224, 9.113855361938477], "1GU4": [13.063909530639648, 15.312955856323242], "2FSH": [6.75253438949585, 10.531265258789062], "1T6D": [2.2544844150543213, 11.063087463378906], "1CJY": [-2.7585623264312744, 5.067689895629883], "3TOP": [-0.7079228162765503, -15.306288719177246], "3HNG": [-3.538543701171875, 7.64495325088501], "3K5V": [-2.407714605331421, 7.033345699310303], "4OBG": [11.381342887878418, -3.0098326206207275], "3QGG": [-5.795536518096924, -5.705876350402832], "1TGL": [-0.6828365921974182, -18.341800689697266], "1MDO": [-13.246065139770508, -7.29251766204834], "1A34": [-2.71464467048645, -16.31815528869629], "1GMY": [1.910976767539978, -13.654175758361816], "1KZ5": [9.214574813842773, 19.5014705657959], "1SFO": [1.8755898475646973, 8.53122615814209], "2Q8I": [-3.797668695449829, 3.4093093872070312], "3JUC": [-5.132665634155273, -2.1786553859710693], "1DKF": [-8.8278169631958, 4.383927345275879], "2R7I": [-0.5931829810142517, 15.131068229675293], "1ZEH": [17.755102157592773, -2.5451958179473877], "1BG1": [1.5918779373168945, 6.092156410217285], "1F45": [-1.8726463317871094, 5.363929271697998], "1LEW": [-6.748306751251221, 15.7705717086792], "1BMP": [-11.428557395935059, 6.3493547439575195], "1XIW": [2.209390878677368, -16.985132217407227], "1VKX": [4.53505802154541, -1.9387472867965698], "1BFU": [-2.461873769760132, -24.854137420654297], "4FAJ": [16.9473819732666, -4.319364070892334], "2AZ5": [-11.4765625, 0.8104506731033325], "3W3G": [-9.019546508789062, 13.859429359436035], "3GLS": [-9.975346565246582, 1.8883106708526611], "1HCG": [0.6574718356132507, -10.817194938659668], "1RSG": [0.3682904839515686, 8.870991706848145], "1CEN": [-2.0012412071228027, 17.150787353515625], "2KJU": [17.373735427856445, -2.640721559524536], "3HQ1": [-7.779974937438965, -9.03757381439209], "1GIO": [8.945966720581055, -4.010066986083984], "5U8A": [-2.12231707572937, 3.7381303310394287], "1A52": [-12.638798713684082, 9.441023826599121], "1GSS": [-10.712724685668945, 0.66037917137146], "1CB6": [1.3644157648086548, -8.30794906616211], "1ONE": [-8.050345420837402, -10.696949005126953], "2WBU": [5.516602516174316, -9.177306175231934], "1C8U": [-6.21056604385376, -0.97516930103302], "1FC1": [6.3097405433654785, 0.4389583170413971], "2BCG": [4.905119895935059, 2.2413103580474854], "2HGC": [10.141685485839844, 0.9676511883735657], "4G6T": [-8.655950546264648, -6.594568252563477], "1SPH": [-8.025445938110352, -12.610920906066895], "1TCA": [-1.3953936100006104, -22.587066650390625], "1SBT": [-2.43074631690979, -24.451026916503906], "1FX8": [-16.71928596496582, -4.525615215301514], "1POC": [5.3343915939331055, -11.378822326660156], "1ITB": [6.141216278076172, 4.477512836456299], "4J4A": [4.75106143951416, 19.271406173706055], "1A1R": [-5.567790508270264, -17.54879379272461], "1M2Z": [3.252204656600952, 15.375445365905762], "1EMA": [6.138737678527832, -1.416517972946167], "1LBA": [1.4346511363983154, -6.669278621673584], "1LAC": [-1.3799494504928589, 11.440962791442871], "2GAU": [-1.8967008590698242, 8.86306381225586], "1KMU": [2.1797921657562256, 9.513059616088867], "1KTW": [3.0906970500946045, -10.726924896240234], "1Y6K": [0.30935558676719666, 6.701393127441406], "3GFW": [-3.049220561981201, 16.080482482910156], "1A4G": [2.9102253913879395, -13.168811798095703], "1UX6": [8.756112098693848, -10.263551712036133], "1MK5": [-0.8837642073631287, -25.8184814453125], "2ZK9": [-0.9957678318023682, -20.244251251220703], "2N7C": [13.587122917175293, 8.180896759033203], "3BIW": [-1.402205467224121, -13.92457103729248], "1HGU": [-0.3471883237361908, 2.756862163543701], "3FHL": [-7.021379470825195, 2.280708074569702], "1PPN": [-0.5209555625915527, -13.643141746520996], "1FNF": [2.984741449356079, -20.793811798095703], "3D6F": [-5.064317226409912, -9.417484283447266], "1TGN": [-0.2604920566082001, -20.575054168701172], "3GHG": [8.925399780273438, -6.920082092285156], "1ALY": [-1.0123865604400635, -17.067832946777344], "1I01": [-12.25318431854248, -10.74290657043457], "2CAG": [4.583649635314941, -4.373957633972168], "1AGS": [1.604036808013916, 16.3352108001709], "1NPH": [3.24704647064209, -15.463366508483887], "5F55": [-12.931692123413086, -8.89039421081543], "1DEW": [-4.317962169647217, -1.1776620149612427], "1UO4": [10.485142707824707, 16.949831008911133], "1KLN": [5.940176486968994, 10.797577857971191], "1GJ7": [0.769123911857605, 5.314128875732422], "4MMT": [2.1965763568878174, 3.8657212257385254], "1SAC": [-5.637440204620361, 4.278437614440918], "1CJL": [3.570564031600952, -6.3910017013549805], "4YCJ": [-14.21349048614502, -9.940354347229004], "1X7J": [-13.556037902832031, 9.091099739074707], "4DHB": [11.49924087524414, 9.882883071899414], "1JWO": [-5.046534538269043, 8.75580883026123], "2Y1W": [-7.049890518188477, 3.6917526721954346], "2TNF": [-11.367984771728516, 1.6662813425064087], "1DUZ": [-10.85201644897461, 7.951318264007568], "3GZN": [3.237210988998413, 7.340108394622803], "1YJD": [1.2290374040603638, -18.042341232299805], "1LPY": [2.653374433517456, -5.506261348724365], "1RPN": [-7.2510905265808105, -7.4212260246276855], "3LLQ": [-16.81102752685547, -4.729457378387451], "1OJ5": [-10.140982627868652, 14.495506286621094], "1JUN": [9.619170188903809, 12.159339904785156], "2YJ5": [-0.4913595914840698, 10.998446464538574], "6DO5": [-16.774703979492188, -5.627468585968018], "3R8L": [-7.920849800109863, 5.509513854980469], "1KB2": [8.294500350952148, 19.26382064819336], "1KFX": [3.1070659160614014, 2.038461208343506], "1RQ2": [-12.463113784790039, -11.430009841918945], "1OHK": [5.571960926055908, 4.964502811431885], "1XKP": [-13.35253620147705, -0.5523820519447327], "1AU2": [2.342890739440918, -9.184049606323242], "1UBQ": [11.393508911132812, 3.4829559326171875], "1IGL": [-3.2184813022613525, -8.803091049194336], "2J5C": [-0.04123822599649429, 13.319111824035645], "1XDA": [17.594127655029297, -3.014204978942871], "1C1G": [12.520766258239746, 14.58606243133545], "1NDE": [-12.64441967010498, 9.457276344299316], "1FCC": [6.168755531311035, -16.376821517944336], "1LPK": [0.6332899928092957, -10.686779022216797], "1OKB": [-6.527561664581299, -3.5771644115448], "1LPA": [-3.7249414920806885, -14.11565113067627], "1RVE": [6.469390392303467, 2.4569878578186035], "1T08": [-6.817848205566406, -11.968623161315918], "1DP0": [-3.3683295249938965, -4.1550612449646], "3N7L": [0.9951148629188538, 2.0014326572418213], "2GUD": [0.6753670573234558, -23.629377365112305], "1BHM": [5.999046802520752, 6.129831790924072], "3NV5": [-4.645843982696533, 0.9889034032821655], "2VUE": [5.357177257537842, 14.013215065002441], "1JWH": [-0.8886224627494812, 14.4618558883667], "3VYR": [-7.1386799812316895, 9.531183242797852], "1XNA": [2.6429250240325928, -7.672806262969971], "2TRH": [-3.589144468307495, -19.942230224609375], "3DZY": [4.372276306152344, 18.178796768188477], "4ALD": [-8.172982215881348, -9.759500503540039],