{"1H6N": [-1.6686644554138184, 0.8163074851036072], "3WPC": [-1.3579024076461792, -2.9635937213897705], "1SMD": [-1.3934996128082275, 1.4065147638320923], "1GCB": [-0.1171003133058548, -0.5232632756233215], "1AU1": [-1.8148131370544434, -1.0094046592712402], "3NFY": [0.09123233705759048, -1.8704891204833984], "1BXS": [-0.3187811076641083, 0.715333104133606], "2VCT": [-1.317395567893982, -4.284226417541504], "1F6A": [1.9308936595916748, 1.8824214935302734], "1F4L": [-0.23608647286891937, 0.26421940326690674], "2BX6": [1.9877023696899414, -0.8095278739929199], "1YSA": [0.10165811330080032, -3.23345685005188], "1MS9": [0.10889357328414917, 1.5002288818359375], "1AVD": [-1.5140995979309082, 2.0195364952087402], "2DTM": [2.224151611328125, 2.469651699066162], "1XJO": [0.0979204773902893, 2.4827120304107666], "4N5F": [0.07298588007688522, 0.9207484126091003], "1Z9M": [1.5435032844543457, 1.7557718753814697], "1MSO": [4.9082441329956055, -1.8181520700454712], "3VTA": [0.6096295118331909, 2.3288559913635254], "2Z7X": [-2.784604787826538, -3.7560389041900635], "1GPB": [-0.5297895669937134, 0.14064620435237885], "1GU4": [-0.28406962752342224, -1.8936607837677002], "2FSH": [-0.14390325546264648, 0.09478253871202469], "1T6D": [-0.4918331503868103, -0.9973881840705872], "1CJY": [-0.4130178987979889, 0.0071910060942173], "3TOP": [-0.5160022974014282, 0.8322897553443909], "3HNG": [0.7095339894294739, -0.2913888394832611], "3K5V": [-1.1104532480239868, 0.25757184624671936], "4OBG": [-0.723610520362854, 2.699136972427368], "3QGG": [1.495488166809082, 0.8448343276977539], "1TGL": [2.7968337535858154, 1.1785876750946045], "1MDO": [0.21937687695026398, 1.1388548612594604], "1A34": [2.046391725540161, 1.288967251777649], "1GMY": [-0.3995123505592346, 2.6083011627197266], "1KZ5": [-1.9132964611053467, -0.1583285927772522], "1SFO": [0.009248185902833939, -0.058333031833171844], "2Q8I": [0.7661879062652588, 0.02615279331803322], "3JUC": [1.240317463874817, 1.0232065916061401], "1DKF": [0.9767596125602722, -2.683088541030884], "2R7I": [-4.283559799194336, 0.28829795122146606], "1ZEH": [4.9086737632751465, -1.8200640678405762], "1BG1": [0.10186943411827087, -0.9072907567024231], "1F45": [0.8763360381126404, -1.1476954221725464], "1LEW": [-2.82511305809021, 0.7714145183563232], "1BMP": [3.2042815685272217, -0.5330373048782349], "1XIW": [2.474907398223877, 2.315199375152588], "1VKX": [0.7950490713119507, 0.1650252491235733], "1BFU": [0.7458735108375549, 4.539401531219482], "4FAJ": [1.6294142007827759, -2.0206308364868164], "2AZ5": [4.735164642333984, 0.29633310437202454], "3W3G": [-1.4172548055648804, -2.9721932411193848], "3GLS": [1.525151252746582, 0.543542742729187], "1HCG": [0.30449962615966797, -4.758718490600586], "1RSG": [0.13681073486804962, -0.1920841783285141], "1CEN": [-1.7755807638168335, -1.1247800588607788], "2KJU": [4.908953666687012, -1.8179879188537598], "3HQ1": [0.10999978333711624, 0.846569836139679], "1GIO": [-3.1797757148742676, -0.17267122864723206], "5U8A": [-2.1948697566986084, 0.6674425005912781], "1A52": [2.3347158432006836, 4.373551368713379], "1GSS": [-1.500654697418213, 3.0055320262908936], "1CB6": [2.015127182006836, 0.0666547566652298], "1ONE": [0.04653807729482651, 0.9032809734344482], "2WBU": [-3.3745851516723633, 0.8101885914802551], "1C8U": [0.7972968816757202, 0.5751287341117859], "1FC1": [3.0678486824035645, 2.2652602195739746], "2BCG": [-0.5635328888893127, 0.004343416076153517], "2HGC": [-2.6816787719726562, -0.40710723400115967], "4G6T": [0.8865625262260437, 1.7200442552566528], "1SPH": [-0.32969096302986145, 1.6460098028182983], "1TCA": [1.2304518222808838, 3.808881998062134], "1SBT": [0.754887580871582, 4.535613536834717], "1FX8": [-0.787395179271698, 3.4029030799865723], "1POC": [2.483798027038574, -0.03324856236577034], "1ITB": [-0.12987737357616425, -1.3846176862716675], "4J4A": [-0.34645387530326843, -2.8574938774108887], "1A1R": [0.004705801606178284, 2.482043981552124], "1M2Z": [1.021384358406067, -1.5616657733917236], "1EMA": [-4.276926040649414, -2.5257599353790283], "1LBA": [-0.49971717596054077, 1.9770351648330688], "1LAC": [-0.8810356855392456, -1.8270342350006104], "2GAU": [0.6002358198165894, -1.6102395057678223], "1KMU": [-0.5069972276687622, -0.33715277910232544], "1KTW": [-0.8137675523757935, 0.6539443135261536], "1Y6K": [0.09381702542304993, -0.6850499510765076], "3GFW": [-0.4685192406177521, -0.6173291206359863], "1A4G": [-0.42566773295402527, 1.0084490776062012], "1UX6": [-1.9111335277557373, 0.6274052858352661], "1MK5": [-0.5781887173652649, 5.0377044677734375], "2ZK9": [2.40215802192688, 2.1993565559387207], "2N7C": [-2.2891392707824707, -0.48767024278640747], "3BIW": [-0.09291671961545944, 1.5383844375610352], "1HGU": [1.5865812301635742, -0.36357659101486206], "3FHL": [-0.6005904078483582, -0.06330101937055588], "1PPN": [-2.0106968879699707, 2.8217406272888184], "1FNF": [1.3645870685577393, 2.274526834487915], "3D6F": [1.226077914237976, 0.2883761525154114], "1TGN": [4.244871139526367, 2.9322731494903564], "3GHG": [-2.7661564350128174, 1.1670817136764526], "1ALY": [1.9988696575164795, 2.4731297492980957], "1I01": [0.4603636562824249, 1.0707937479019165], "2CAG": [-1.6690269708633423, 0.8151993155479431], "1AGS": [-1.3170092105865479, -4.287794589996338], "1NPH": [-0.23835186660289764, 2.1245598793029785], "5F55": [0.4782470762729645, 0.9385106563568115], "1DEW": [-0.9458186030387878, 0.9283851981163025], "1UO4": [0.03597129508852959, -3.3429341316223145], "1KLN": [-0.10247412323951721, 0.051022112369537354], "1GJ7": [2.208508253097534, -0.5049581527709961], "4MMT": [-0.9494885206222534, -2.306187391281128], "1SAC": [-1.134950876235962, 2.386610746383667], "1CJL": [-2.1186697483062744, 2.417205333709717], "4YCJ": [0.6279831528663635, 1.4723691940307617], "1X7J": [2.4277586936950684, 4.51855993270874], "4DHB": [-0.068016916513443, 0.32356271147727966], "1JWO": [-2.4688844680786133, -0.4447670876979828], "2Y1W": [0.7242621779441833, 0.16677267849445343], "2TNF": [4.735140800476074, 0.29453814029693604], "1DUZ": [-2.113560438156128, 1.4359709024429321], "3GZN": [0.031344715505838394, -0.3249877691268921], "1YJD": [2.1798863410949707, 2.3870580196380615], "1LPY": [-3.2700300216674805, 3.1425516605377197], "1RPN": [-0.801209032535553, 1.017755389213562], "3LLQ": [-0.7652483582496643, 3.4673287868499756], "1OJ5": [1.9853503704071045, 0.7342805862426758], "1JUN": [0.5166203379631042, -1.4888705015182495], "2YJ5": [-1.0281978845596313, -1.0868053436279297], "6DO5": [0.4449886977672577, 1.969291090965271], "3R8L": [0.34592023491859436, -0.06551788002252579], "1KB2": [1.535362720489502, -0.8327420949935913], "1KFX": [-1.6222139596939087, -0.7655737400054932], "1RQ2": [0.07359345257282257, 1.5444982051849365], "1OHK": [-0.45227164030075073, -1.673805594444275], "1XKP": [1.2327834367752075, 0.7795230746269226], "1AU2": [-2.217498779296875, 2.8109989166259766], "1UBQ": [1.7311387062072754, -4.57537841796875], "1IGL": [2.7336013317108154, -1.768731713294983], "2J5C": [-0.05985341966152191, -0.5356504917144775], "1XDA": [4.908119201660156, -1.818238615989685], "1C1G": [0.5171716809272766, -2.2056121826171875], "1NDE": [2.3941378593444824, 4.468458652496338], "1FCC": [3.2126777172088623, 2.237948417663574], "1LPK": [0.3039410412311554, -4.75808572769165], "1OKB": [-1.1463096141815186, 1.9767756462097168], "1LPA": [-4.499133586883545, -0.980255663394928], "1RVE": [-1.484277367591858, -1.5429356098175049], "1T08": [1.4283572435379028, 1.0079500675201416], "1DP0": [-0.4919643700122833, 0.8326271176338196], "3N7L": [-1.7872023582458496, -1.8374744653701782], "2GUD": [0.3821645975112915, 3.027552366256714], "1BHM": [-1.0551804304122925, -1.2228689193725586], "3NV5": [-0.34141093492507935, 0.11135171353816986], "2VUE": [2.7205448150634766, -1.8766746520996094], "1JWH": [-4.25959587097168, 0.2873411476612091], "3VYR": [-0.9877750277519226, 0.08856161683797836], "1XNA": [-1.2751054763793945, 2.922152519226074],