{"1H6N": [-8.722914695739746, 8.244546890258789], "3WPC": [-14.292205810546875, 1.9010027647018433], "1SMD": [-9.47553825378418, -4.581234931945801], "1GCB": [-6.889779567718506, -0.6496315598487854], "1AU1": [-9.024642944335938, 4.245770454406738], "3NFY": [3.4933462142944336, 8.709686279296875], "1BXS": [-1.3147680759429932, -2.149676561355591], "2VCT": [0.6403892040252686, 10.874978065490723], "1F6A": [-3.208333969116211, -11.4522066116333], "1F4L": [-3.493664503097534, 3.973928213119507], "2BX6": [-7.600289344787598, 3.512813091278076], "1YSA": [8.384249687194824, 16.491676330566406], "1MS9": [-4.491564750671387, -11.300826072692871], "1AVD": [-9.738094329833984, -7.710601806640625], "2DTM": [-5.276659965515137, -12.895607948303223], "1XJO": [-6.345749378204346, -16.32701301574707], "4N5F": [9.231783866882324, -1.4487367868423462], "1Z9M": [3.973383665084839, -13.0797758102417], "1MSO": [-19.197649002075195, -12.511467933654785], "3VTA": [-5.3307108879089355, -14.622016906738281], "2Z7X": [-19.406557083129883, -2.0812478065490723], "1GPB": [-0.42271026968955994, 3.7355713844299316], "1GU4": [8.592839241027832, 16.46735191345215], "2FSH": [4.046231269836426, 4.235805511474609], "1T6D": [11.493925094604492, 8.247047424316406], "1CJY": [-5.97661828994751, 5.054233074188232], "3TOP": [-3.4274535179138184, -3.9142141342163086], "3HNG": [-0.35344481468200684, 7.942726135253906], "3K5V": [-1.9599343538284302, 9.248612403869629], "4OBG": [3.7270171642303467, -1.3191982507705688], "3QGG": [-0.09002350270748138, -9.826628684997559], "1TGL": [-6.36878776550293, -11.835899353027344], "1MDO": [8.621194839477539, -0.7278282046318054], "1A34": [-4.499166488647461, -15.472929954528809], "1GMY": [-11.360332489013672, -11.858136177062988], "1KZ5": [19.775941848754883, 1.291587233543396], "1SFO": [0.5703574419021606, 5.48407506942749], "2Q8I": [1.3965059518814087, 1.4642422199249268], "3JUC": [14.153558731079102, -6.621185302734375], "1DKF": [4.606985569000244, 1.7589038610458374], "2R7I": [-6.4497151374816895, 10.477792739868164], "1ZEH": [-19.21927833557129, -12.200896263122559], "1BG1": [-5.169093132019043, 1.9805272817611694], "1F45": [-4.398327350616455, 0.985051155090332], "1LEW": [15.060561180114746, -4.539925575256348], "1BMP": [-6.278872013092041, -6.829677581787109], "1XIW": [-7.431819915771484, -11.013875007629395], "1VKX": [0.6615159511566162, -1.8358008861541748], "1BFU": [-8.663394927978516, -17.529939651489258], "4FAJ": [3.8468542098999023, -17.04743194580078], "2AZ5": [3.7529709339141846, -9.627199172973633], "3W3G": [-14.329266548156738, 1.07429039478302], "3GLS": [4.182794094085693, -3.602027654647827], "1HCG": [-15.055466651916504, -9.233898162841797], "1RSG": [-3.4731392860412598, 4.84348726272583], "1CEN": [-10.94432258605957, -0.14753380417823792], "2KJU": [-18.90018653869629, -12.321600914001465], "3HQ1": [8.964195251464844, -3.7589025497436523], "1GIO": [-10.356851577758789, 9.135285377502441], "5U8A": [-7.5910162925720215, 6.216099262237549], "1A52": [-5.056164264678955, 16.724573135375977], "1GSS": [4.432376861572266, -9.281825065612793], "1CB6": [-0.07476703822612762, -4.188477516174316], "1ONE": [10.750344276428223, 1.0081671476364136], "2WBU": [-11.033217430114746, 12.76417064666748], "1C8U": [3.0771007537841797, -4.3937835693359375], "1FC1": [-3.1890249252319336, -10.35999584197998], "2BCG": [-7.460841178894043, -1.0058157444000244], "2HGC": [4.887080192565918, 9.723817825317383], "4G6T": [7.2156782150268555, -9.045855522155762], "1SPH": [12.845403671264648, 0.7407374978065491], "1TCA": [-2.3362877368927, -16.85492515563965], "1SBT": [-8.75353717803955, -17.47442054748535], "1FX8": [18.94931411743164, -5.2572197914123535], "1POC": [-11.632408142089844, 12.44381332397461], "1ITB": [-5.877353191375732, 0.9684872627258301], "4J4A": [9.676336288452148, 11.90881633758545], "1A1R": [14.148143768310547, -10.028420448303223], "1M2Z": [-1.5823581218719482, 13.057945251464844], "1EMA": [-4.531357765197754, -1.4954698085784912], "1LBA": [10.625871658325195, 2.6032135486602783], "1LAC": [14.16252613067627, 6.465057849884033], "2GAU": [1.3910049200057983, 6.400365352630615], "1KMU": [-2.2172598838806152, 4.689297676086426], "1KTW": [-9.499382019042969, -4.365932941436768], "1Y6K": [-4.971858501434326, 4.2532525062561035], "3GFW": [4.193968772888184, 6.383706092834473], "1A4G": [-1.726758599281311, 0.8874045014381409], "1UX6": [-10.76621150970459, 6.4812541007995605], "1MK5": [-4.897130966186523, -20.899192810058594], "2ZK9": [-8.54153060913086, -13.400557518005371], "2N7C": [-1.2401952743530273, 5.944284439086914], "3BIW": [-3.694028854370117, -5.644199371337891], "1HGU": [-10.990340232849121, 3.6503329277038574], "3FHL": [6.020927429199219, 6.7311506271362305], "1PPN": [-12.80084228515625, -14.592305183410645], "1FNF": [-3.9897031784057617, -13.852530479431152], "3D6F": [17.841903686523438, 6.737645149230957], "1TGN": [-10.144580841064453, -14.69023323059082], "3GHG": [14.985719680786133, -6.802584648132324], "1ALY": [-5.1966938972473145, -9.911972999572754], "1I01": [12.918907165527344, -0.28520119190216064], "2CAG": [-8.717073440551758, 8.231048583984375], "1AGS": [0.602079451084137, 10.899147987365723], "1NPH": [6.9071760177612305, -5.542646408081055], "5F55": [11.705544471740723, -5.936398029327393], "1DEW": [0.8008597493171692, -4.691257476806641], "1UO4": [8.900118827819824, 11.604594230651855], "1KLN": [4.846274375915527, 4.17479133605957], "1GJ7": [10.158185958862305, -13.588366508483887], "4MMT": [-13.599997520446777, -3.9822402000427246], "1SAC": [-1.0940303802490234, -6.089216709136963], "1CJL": [-2.7948358058929443, 9.720661163330078], "4YCJ": [12.093140602111816, -2.785860776901245], "1X7J": [1.7050745487213135, 16.181838989257812], "4DHB": [14.692623138427734, -2.2685389518737793], "1JWO": [-8.438037872314453, 12.3014497756958], "2Y1W": [-4.5396294593811035, 3.8264613151550293], "2TNF": [3.9324421882629395, -9.661684036254883], "1DUZ": [-14.90848159790039, 7.258548736572266], "3GZN": [5.951510906219482, 5.898938179016113], "1YJD": [-6.91903018951416, -12.206624031066895], "1LPY": [-3.517841100692749, 11.796846389770508], "1RPN": [7.518997669219971, -4.7101640701293945], "3LLQ": [18.878976821899414, -5.3200860023498535], "1OJ5": [14.924164772033691, 3.1315362453460693], "1JUN": [-1.18197500705719, 16.33312225341797], "2YJ5": [7.556033611297607, 9.839110374450684], "6DO5": [17.932697296142578, -6.160734176635742], "3R8L": [2.794400215148926, -2.94366192817688], "1KB2": [-5.658364772796631, 13.317803382873535], "1KFX": [-3.740631103515625, 5.8528971672058105], "1RQ2": [12.705385208129883, -0.601702868938446], "1OHK": [-4.214709281921387, 2.4409117698669434], "1XKP": [7.220472812652588, -11.476509094238281], "1AU2": [-12.196913719177246, -13.855853080749512], "1UBQ": [17.222448348999023, 1.711025357246399], "1IGL": [-2.770829677581787, 20.086698532104492], "2J5C": [-4.043971538543701, 7.794599533081055], "1XDA": [-19.27449607849121, -12.53553581237793], "1C1G": [6.18694543838501, 14.359111785888672], "1NDE": [-5.023690223693848, 16.71905517578125], "1FCC": [-8.00394344329834, -7.469982624053955], "1LPK": [-15.050580978393555, -9.237707138061523], "1OKB": [2.521911382675171, -5.310762882232666], "1LPA": [-13.342884063720703, -10.93447494506836], "1RVE": [-10.628432273864746, -1.6516209840774536], "1T08": [2.8139421939849854, 15.696228981018066], "1DP0": [5.41022253036499, -2.239793300628662], "3N7L": [-11.532980918884277, -2.6784017086029053], "2GUD": [-7.876847267150879, -14.896997451782227], "1BHM": [7.422533988952637, 8.364653587341309], "3NV5": [4.526403903961182, 0.41135701537132263], "2VUE": [2.705766439437866, 19.889583587646484], "1JWH": [-6.248175144195557, 10.414395332336426], "3VYR": [13.364991188049316, 6.742745399475098], "1XNA": [-1.6554747819900513, -11.737202644348145], "2TRH": [0.9648486971855164, -13.940624237060547], "3DZY": [13.405080795288086, 15.168039321899414], "4ALD": [8.217996597290039, 2.9315736293792725],