{"1H6N": [-79.34778594970703, -102.31827545166016], "3WPC": [-69.20919036865234, -188.18133544921875], "1SMD": [-90.98444366455078, -87.51467895507812], "1GCB": [-49.11758041381836, -106.96036529541016], "1AU1": [8.453731536865234, 57.99369812011719], "3NFY": [-69.38551330566406, 52.069095611572266], "1BXS": [-60.43619155883789, -111.90728759765625], "2VCT": [-15.696355819702148, 29.860536575317383], "1F6A": [27.47248649597168, 33.68009948730469], "1F4L": [-71.87252807617188, -120.38374328613281], "2BX6": [47.31171417236328, -27.062131881713867], "1YSA": [40.01374816894531, 168.33419799804688], "1MS9": [-56.81996536254883, -132.41500854492188], "1AVD": [87.90532684326172, 101.0948257446289], "2DTM": [40.54104232788086, 9.919013023376465], "1XJO": [25.519033432006836, -16.94576644897461], "4N5F": [-24.398611068725586, -59.76536560058594], "1Z9M": [35.97810745239258, 114.65460968017578], "1MSO": [151.6451416015625, -45.23474884033203], "3VTA": [-48.192874908447266, -133.2868194580078], "2Z7X": [151.6451416015625, -45.23474884033203], "1GPB": [-66.92388153076172, -168.52587890625], "1GU4": [23.477590560913086, 181.4415740966797], "2FSH": [-56.71585464477539, -155.80523681640625], "1T6D": [-25.394643783569336, 1.003196120262146], "1CJY": [-81.79899597167969, -155.54469299316406], "3TOP": [-79.08174896240234, -170.7135467529297], "3HNG": [-87.7232437133789, -6.640864372253418], "3K5V": [-94.29883575439453, -12.60187816619873], "4OBG": [151.6451416015625, -45.23474884033203], "3QGG": [-94.63916015625, -141.15115356445312], "1TGL": [40.29076385498047, -6.588733196258545], "1MDO": [-24.101757049560547, -68.08167266845703], "1A34": [31.670557022094727, 73.36561584472656], "1GMY": [61.589759826660156, -17.992286682128906], "1KZ5": [151.6451416015625, -45.23474884033203], "1SFO": [-53.44361877441406, -52.92045974731445], "2Q8I": [-23.03122329711914, 36.18006896972656], "3JUC": [12.544840812683105, 112.97613525390625], "1DKF": [-42.186119079589844, 45.11724090576172], "2R7I": [-83.11542510986328, -23.307350158691406], "1ZEH": [151.6451416015625, -45.23474884033203], "1BG1": [-74.4251480102539, -135.71249389648438], "1F45": [28.95948028564453, 22.229907989501953], "1LEW": [151.6451416015625, -45.23474884033203], "1BMP": [48.50715255737305, 72.10943603515625], "1XIW": [29.962356567382812, 121.53509521484375], "1VKX": [-55.48320388793945, -28.940872192382812], "1BFU": [40.3114013671875, -68.06512451171875], "4FAJ": [151.6451416015625, -45.23474884033203], "2AZ5": [11.927107810974121, 88.85726928710938], "3W3G": [-60.788394927978516, -186.58767700195312], "3GLS": [-60.11643600463867, -1.0552722215652466], "1HCG": [54.0974235534668, 88.6366195678711], "1RSG": [-67.75808715820312, -105.38638305664062], "1CEN": [-85.09770965576172, -51.244503021240234], "2KJU": [151.6451416015625, -45.23474884033203], "3HQ1": [-37.9705696105957, -143.14602661132812], "1GIO": [55.17673110961914, 98.68907928466797], "5U8A": [-95.54729461669922, -66.97642517089844], "1A52": [-99.86138916015625, 10.208697319030762], "1GSS": [-10.99162769317627, 63.978424072265625], "1CB6": [-106.35297393798828, -141.14340209960938], "1ONE": [-29.048742294311523, -79.81924438476562], "2WBU": [45.672462463378906, 123.35363006591797], "1C8U": [-54.780574798583984, -9.235984802246094], "1FC1": [37.81729507446289, 30.801963806152344], "2BCG": [-43.5518913269043, -37.54463577270508], "2HGC": [45.00032043457031, 158.17787170410156], "4G6T": [27.712312698364258, 130.66383361816406], "1SPH": [13.394658088684082, 141.50799560546875], "1TCA": [18.549217224121094, -82.0985107421875], "1SBT": [36.50798797607422, -64.49419403076172], "1FX8": [25.207366943359375, -42.92693328857422], "1POC": [57.2402458190918, 78.62102508544922], "1ITB": [11.998292922973633, 11.207929611206055], "4J4A": [151.6451416015625, -45.23474884033203], "1A1R": [151.6451416015625, -45.23474884033203], "1M2Z": [151.6451416015625, -45.23474884033203], "1EMA": [-61.96431350708008, 29.187925338745117], "1LBA": [5.127548694610596, 108.06289672851562], "1LAC": [15.432318687438965, 132.69264221191406], "2GAU": [-33.92534637451172, 38.463340759277344], "1KMU": [-41.09566879272461, -24.07871437072754], "1KTW": [-57.360626220703125, -102.13050079345703], "1Y6K": [-1.1448627710342407, 56.53627395629883], "3GFW": [-31.378841400146484, -10.947147369384766], "1A4G": [-88.13790130615234, -70.358154296875], "1UX6": [-106.2412109375, -64.06610107421875], "1MK5": [97.0464859008789, 93.99771881103516], "2ZK9": [62.16645431518555, 4.094536781311035], "2N7C": [47.0032958984375, 149.79061889648438], "3BIW": [-44.488494873046875, -73.53055572509766], "1HGU": [-3.3580944538116455, 65.90556335449219], "3FHL": [-34.05293273925781, -38.94140625], "1PPN": [68.64752960205078, 22.912216186523438], "1FNF": [13.187398910522461, -96.88613891601562], "3D6F": [151.6451416015625, -45.23474884033203], "1TGN": [71.66506958007812, -1.5638221502304077], "3GHG": [151.6451416015625, -45.23474884033203], "1ALY": [13.91806697845459, 72.16730499267578], "1I01": [-16.74610710144043, 15.703983306884766], "2CAG": [-83.09586334228516, -98.00403594970703], "1AGS": [-11.041217803955078, 32.39045333862305], "1NPH": [-7.186542510986328, -34.203857421875], "5F55": [-33.67387390136719, -157.3490753173828], "1DEW": [-77.35843658447266, 43.40049362182617], "1UO4": [54.811317443847656, 171.5331268310547], "1KLN": [-46.7363395690918, -154.01583862304688], "1GJ7": [151.6451416015625, -45.23474884033203], "4MMT": [50.313934326171875, 0.61989426612854], "1SAC": [9.428149223327637, 45.706077575683594], "1CJL": [-100.06380462646484, -16.935707092285156], "4YCJ": [-16.468860626220703, 86.58714294433594], "1X7J": [151.6451416015625, -45.23474884033203], "4DHB": [151.6451416015625, -45.23474884033203], "1JWO": [37.024173736572266, 127.88382720947266], "2Y1W": [-53.67491149902344, -71.93329620361328], "2TNF": [11.38753604888916, 82.7630615234375], "1DUZ": [151.6451416015625, -45.23474884033203], "3GZN": [-46.52317428588867, -57.24863815307617], "1YJD": [43.649723052978516, 16.97489356994629], "1LPY": [35.83921813964844, 59.31418228149414], "1RPN": [-11.54256534576416, -39.62556457519531], "3LLQ": [30.329307556152344, -42.192108154296875], "1OJ5": [151.6451416015625, -45.23474884033203], "1JUN": [39.3393669128418, 185.89859008789062], "2YJ5": [-7.27253532409668, 4.833832740783691], "6DO5": [151.6451416015625, -45.23474884033203], "3R8L": [-63.58515548706055, -9.119661331176758], "1KB2": [63.17752456665039, 132.73728942871094], "1KFX": [-73.8495101928711, -80.80811309814453], "1RQ2": [3.7473998069763184, -47.94649124145508], "1OHK": [-5.163416385650635, 47.49709701538086], "1XKP": [-0.9802291393280029, 77.76812744140625], "1AU2": [65.41957092285156, 16.517778396606445], "1UBQ": [24.82489585876465, 168.300537109375], "1IGL": [64.96869659423828, 144.3774871826172], "2J5C": [-77.63836669921875, -113.4554672241211], "1XDA": [151.6451416015625, -45.23474884033203], "1C1G": [-17.98239517211914, -8.765739440917969], "1NDE": [-105.23281860351562, 11.823371887207031], "1FCC": [21.83283805847168, 79.15833282470703], "1LPK": [49.6241340637207, 85.78719329833984], "1OKB": [-87.55931091308594, 36.79914093017578], "1LPA": [50.90538024902344, -17.710208892822266], "1RVE": [3.111973524093628, -4.003880977630615], "1T08": [151.6451416015625, -45.23474884033203], "1DP0": [-85.3617172241211, -173.73231506347656], "3N7L": [-29.1285343170166, -98.04496002197266], "2GUD": [-23.098310470581055, 136.65689086914062], "1BHM": [1.4085502624511719, 17.253427505493164], "3NV5": [-71.72108459472656, -59.98772430419922], "2VUE": [-115.19232940673828, -133.07347106933594], "1JWH": [-76.89036560058594, -18.9845027923584], "3VYR": [-38.702816009521484, 27.67085075378418], "1XNA": [5.010827541351318, 99.4768295288086], "2TRH": [85.50191497802734, 116.04794311523438], "3DZY": [151.6451416015625, -45.23474884033203], "4ALD": [-37.79757308959961, -62.20575714111328], "1Y1W": [-49.22723388671875, -46.13846206665039],