{"1H6N": [0.5788655738352299, 0.2606076017563446], "3WPC": [-0.9346438843894526, -1.1428523679147908], "1SMD": [-1.1902761420350023, -0.36319382450545257], "1GCB": [0.1609482459642182, -1.097616305807568], "1AU1": [1.606789088755608, -2.6520415154972303], "3NFY": [1.297606965612039, 0.09725155508866709], "1BXS": [-0.43732783603753395, 0.333378722242335], "2VCT": [2.26603262794788, -0.30837533318168586], "1F6A": [-1.438484005672465, 0.008596822802825942], "1F4L": [0.4286258499624498, -0.2348282223764713], "2BX6": [-0.487875815609423, -0.6309290861962997], "1YSA": [3.9551261224018095, 1.2227218699929836], "1MS9": [-1.5412970768008967, 0.20196326715435955], "1AVD": [-2.247625071306066, -1.259066739324043], "2DTM": [-2.9179282844449927, -0.7909246957956277], "1XJO": [-2.451682750086523, 0.37847352568164827], "4N5F": [0.7605428445247817, 2.0407096374304534], "1Z9M": [-1.6537964859397323, -0.16800320911136318], "1MSO": [-2.022616038549537, -4.071528038528836], "3VTA": [-2.8341592874897676, 0.07227231852226121], "2Z7X": [1.2885221777609552, -3.1415365176652323], "1GPB": [1.0872587810095955, 0.32445870078598926], "1GU4": [3.5764833791492756, -1.3038910708766536], "2FSH": [1.7165167229429037, 0.8450165731935722], "1T6D": [1.4096235609595793, 0.9714154905223363], "1CJY": [0.5662173070639583, -0.3404550215417258], "3TOP": [-1.0297155936565954, -0.42411063649414915], "3HNG": [1.0785781341819916, 0.2083207346956687], "3K5V": [1.1440306649473624, 0.03117477798634946], "4OBG": [-0.5636373625897694, 0.2790630469359167], "3QGG": [-0.7684141445580862, 0.40535171515391716], "1TGL": [-2.3999815007031833, -0.8109770960745548], "1MDO": [0.06775934011190117, 1.6429055443998448], "1A34": [-2.954336154555234, -0.35813002406897276], "1GMY": [-1.6775220310381491, -0.10426019563003383], "1KZ5": [5.167965297911212, 0.40327162605916445], "1SFO": [0.8703710541740081, -0.1945995320427065], "2Q8I": [0.591867756481279, 0.4991042386940855], "3JUC": [0.08207590550943547, 2.1334305553654884], "1DKF": [1.5385360797052607, 0.7826741644512417], "2R7I": [1.6859502304795704, -0.41656883074698486], "1ZEH": [-1.7847221288432848, -4.1861932914492215], "1BG1": [0.6641599593329207, -0.6877953605048523], "1F45": [0.18942078454340514, -1.2346021218758039], "1LEW": [0.3951288708066686, 3.229153337922329], "1BMP": [-0.9031914292752081, -1.114075557546778], "1XIW": [-1.234437274972184, -1.6341312423252272], "1VKX": [-0.08784612437722, 0.37473476388820964], "1BFU": [-3.7478293615087592, 0.6107588309500872], "4FAJ": [-1.8277439098460357, 1.1878114246471878], "2AZ5": [-0.9153704534611322, -0.010086878243410972], "3W3G": [-0.09698664730967771, -2.526979611593056], "3GLS": [-0.3226227004930962, 1.5555981129496035], "1HCG": [-1.1666272056778217, -0.8721566707435581], "1RSG": [0.5445870443996993, -0.4326348656175094], "1CEN": [1.6270304248499037, -1.2628072201417861], "2KJU": [-2.3116455958594093, -4.037338542297022], "3HQ1": [-0.3455218061875656, 1.7125968331619188], "1GIO": [0.6283741794253683, -1.262805030279988], "5U8A": [0.3432358935814923, -0.685878085318551], "1A52": [2.194341361902576, -0.0008738963654484372], "1GSS": [-0.5098676919340189, -0.11415727378603457], "1CB6": [-0.9778952067211764, 0.15574401400853116], "1ONE": [-0.319422891466448, 1.2560062514392631], "2WBU": [0.2624308496690785, -0.8653571362658954], "1C8U": [-0.20398239315206412, 0.6316367961641861], "1FC1": [-1.4910001534594999, -0.8939994535811728], "2BCG": [0.2608092169549, -1.0401831821110434], "2HGC": [0.8938738420528226, -0.824213130821094], "4G6T": [0.6002133683703285, 0.3833809222290636], "1SPH": [-0.10961933562438586, 0.6756030076522411], "1TCA": [-3.2691801244625256, 0.6265591680260916], "1SBT": [-3.4990076108812027, 0.7046872580766097], "1FX8": [-1.377288300526059, 2.1385107654216235], "1POC": [-0.8332577452343569, -1.6765858391687645], "1ITB": [0.08617009885266057, -1.3851154552015974], "4J4A": [7.351647994303388, 1.886157057754274], "1A1R": [-2.466892294934044, 2.676180670568807], "1M2Z": [1.3097256296212854, -0.643205349976821], "1EMA": [0.08855221867213467, -0.5468291405905943], "1LBA": [0.0890453289631575, 1.102492902006157], "1LAC": [-0.022251680991775186, 2.5844092386268604], "2GAU": [0.9167393699025949, -0.3361914645677955], "1KMU": [1.2366537762241576, -0.4185856992923151], "1KTW": [-0.9976066938188205, -1.1088465007839472], "1Y6K": [0.6028259497998327, -1.185774512064229], "3GFW": [1.3325210157428604, -1.6142650724211087], "1A4G": [-0.22966302435080918, 0.010196164769215964], "1UX6": [-0.6185150584627186, -0.0013160065567314732], "1MK5": [-4.080321622600047, 0.41798999422830335], "2ZK9": [-3.7158460990210025, -2.3592531522024576], "2N7C": [0.8042942992968394, 0.6453027494523644], "3BIW": [-1.1679200059612957, 0.13512221888421105], "1HGU": [0.26794972304409775, -1.2826516672526878], "3FHL": [0.7527702699345685, -0.15456684424096356], "1PPN": [-2.2947465455637204, -0.577362689563792], "1FNF": [-2.8048752576854494, 0.28829560531327214], "3D6F": [0.029819211098838574, 2.8442629048247436], "1TGN": [-3.5319492063133646, -1.9911907369091366], "3GHG": [-0.5543455960191038, 2.2644270273670077], "1ALY": [-2.2232128258029835, -1.2499501283729186], "1I01": [0.23085106516501155, 1.7587824976117319], "2CAG": [0.5616565468616918, 0.2797960254935993], "1AGS": [2.4389141046068605, -0.11448724525886478], "1NPH": [-0.7221768446383086, 1.0603511869431024], "5F55": [-0.03926225949951999, 3.1068860351388228], "1DEW": [-0.16466837932917064, 0.408327543433818], "1UO4": [5.9996416042769445, -0.8391503777966648], "1KLN": [1.4679780752455007, 0.8175281278064311], "1GJ7": [-0.3935389723740878, -2.4069835442208554], "4MMT": [-0.9663873494580029, -2.5524598307140387], "1SAC": [-0.8903771622118325, -0.4018430998061384], "1CJL": [0.24418535005946285, -0.1893777953606777], "4YCJ": [-0.7185324389255778, 3.2465129283553447], "1X7J": [0.32699416510803675, -0.5590422154647366], "4DHB": [1.166968714473332, 1.6231634811018847], "1JWO": [1.2272783163628238, 0.9556764435495295], "2Y1W": [-0.048088794790081074, -0.5482643594175248], "2TNF": [-0.7295753072057537, 0.27248445240682995], "1DUZ": [-1.1483398982409114, -0.25225803724466467], "3GZN": [1.059430719554014, 0.04547032813112482], "1YJD": [-2.690015961456121, -2.1896180216960657], "1LPY": [2.2015913831745064, 0.10337391280658931], "1RPN": [0.21390870802327142, 1.4037753424931025], "3LLQ": [-2.4547770747447277, 2.4647126085215025], "1OJ5": [1.106121813059508, 0.02776327085711453], "1JUN": [1.7618485085149023, -0.7203476416036203], "2YJ5": [0.9935201713082088, -0.6954783789157922], "6DO5": [-1.3982654692784953, 2.031537332206468], "3R8L": [0.3999696027196819, 0.6818845009197861], "1KB2": [2.460780981487848, -0.22196317158366768], "1KFX": [1.0155832277651005, -0.4619317424461902], "1RQ2": [-0.14635884743078587, 2.667875487426341], "1OHK": [0.7695863597517936, -0.2401900635188996], "1XKP": [0.31149256822353594, 0.6042807157246369], "1AU2": [-1.4592037924828725, -1.1235106549549594], "1UBQ": [1.1635452490060607, -0.1583515952679105], "1IGL": [-1.248493632092397, 0.01046397070644966], "2J5C": [1.7567492893296932, -0.5378977197952454], "1XDA": [-1.8206662764522568, -4.015714483239266], "1C1G": [4.592724879233816, 0.6217536996031002], "1NDE": [2.231268561533026, 0.5030537753394445], "1FCC": [-1.8263262056865064, -0.5354285548890564], "1LPK": [-0.9737304170176763, -0.9291160495831265], "1OKB": [-0.3065799562074388, 0.9861228659216804], "1LPA": [-1.4791999142375962, -1.762342755234063], "1RVE": [-0.10917005463803427, -2.3373425002917476], "1T08": [0.13932234447798203, 0.39195523616360234], "1DP0": [-0.3470736528456821, 0.741771368129683], "3N7L": [-0.4925483877149439, -3.100786257073587], "2GUD": [-2.773820308318391, -1.738140471273957], "1BHM": [1.2240592569183586, -1.3344725984918582], "3NV5": [1.2369173437212404, 1.8297253012780963], "2VUE": [1.0108493145826574, -0.16094914832515242], "1JWH": [1.342637063402761, -0.4794976043722507], "3VYR": [1.2968385605813424, 2.7975944277435323],