{"1H6N": [-1.449035814794203, 0.21906590417033928], "3WPC": [0.8199937463135836, -0.6773732283928338], "1SMD": [-0.5128540134140518, -3.4990646103002843], "1GCB": [-0.5653112926106767, 1.0378448425421953], "1AU1": [0.4420163095067579, 2.6779497283569746], "3NFY": [-0.34169013842384927, 2.601474152497757], "1BXS": [-0.40841211131722105, -0.5963949079221548], "2VCT": [-0.7177290952880977, 4.163190757066244], "1F6A": [-0.4324198684469052, -2.3985216542268812], "1F4L": [-0.361611705306502, 0.3302015494965461], "2BX6": [0.020621460047058417, -1.6740548100298547], "1YSA": [1.7642320763122548, 9.774591452711837], "1MS9": [-0.859675041957107, -2.4452721533509068], "1AVD": [-0.9238826320568849, -5.138372331575215], "2DTM": [0.05574628615106563, -4.593253434957841], "1XJO": [-1.940967254905862, -3.9091020508895924], "4N5F": [-1.450294740339641, 0.5625761438983551], "1Z9M": [0.8747854650649389, -4.178052991488122], "1MSO": [34.679541733484655, 0.24086454341430555], "3VTA": [-1.2766597662589185, -4.782267782054174], "2Z7X": [0.4956762373876996, 2.2232303762581296], "1GPB": [-0.5829675759025705, 1.66745822932629], "1GU4": [0.8664358765252774, 6.7292036942565865], "2FSH": [-1.5310867484836328, 2.6408305018041394], "1T6D": [-0.7212911171281717, 3.3841013431991174], "1CJY": [-1.7385677090336167, 0.6388501635308196], "3TOP": [-0.9796116422011439, -2.2394753958802656], "3HNG": [-0.387348834411028, 2.2979677585271228], "3K5V": [-0.9037274093295333, 1.912411751371496], "4OBG": [-0.9094483521081188, -0.08760283991816349], "3QGG": [-0.09652801410345316, -1.0637415069348477], "1TGL": [1.4127933255299232, -4.369398482807646], "1MDO": [-2.003746000932882, 0.10547146700537904], "1A34": [-1.1613077994331573, -6.5371801987209315], "1GMY": [2.1710487531546407, -4.025770060473781], "1KZ5": [-3.1506692632001276, 17.376031587588468], "1SFO": [-0.11669524675111981, 1.3151171622760545], "2Q8I": [-1.2910692020286383, 0.5742859050528808], "3JUC": [-0.6321689193181951, -0.3107125480622187], "1DKF": [0.42142709740156464, 2.7861846570269835], "2R7I": [0.6240756656763935, 2.909529512946721], "1ZEH": [34.3806609984066, 0.4531323874170858], "1BG1": [0.5988323343456528, 1.5320933775723165], "1F45": [0.5591834139771689, 0.3713243152135454], "1LEW": [-2.103798853103769, 1.641412010743514], "1BMP": [0.189009933857118, -4.775552535413878], "1XIW": [1.005495614765901, -2.957939398926464], "1VKX": [0.4644196225379019, -0.03702081493166871], "1BFU": [-2.228050362196141, -5.91215949396974], "4FAJ": [1.8679861814195602, -0.6660180963773812], "2AZ5": [-0.8186984446794158, -1.9671162164714553], "3W3G": [-0.1835977546656771, 0.4481767715094867], "3GLS": [0.647680100892172, -0.23827718798258335], "1HCG": [1.9746882803920722, -3.1786730229399494], "1RSG": [-0.976603653164859, 0.19345419389130075], "1CEN": [-0.8446972242365582, 2.5202122762461245], "2KJU": [33.37976298527949, -0.6562837446085258], "3HQ1": [-0.846577982519494, -1.203012923830948], "1GIO": [0.26247043738194353, -0.9788733658989243], "5U8A": [-0.127654504985665, -0.22962132640866356], "1A52": [-0.11564674469435313, 3.7239035246384677], "1GSS": [0.023475433395883788, -0.4689722653922945], "1CB6": [-0.24872392478783262, -1.8962356570994134], "1ONE": [-1.141498827348811, 0.35717577519103466], "2WBU": [1.4033131789155067, -0.17615395042504392], "1C8U": [-0.836544031114692, -0.2863548919423861], "1FC1": [0.04911772549679364, -1.8956536380171283], "2BCG": [-1.5544563696354075, 0.4440724884769909], "2HGC": [-0.3552786762857099, 1.8532286307291677], "4G6T": [-0.6299213251576592, 0.669813519170142], "1SPH": [-1.6258062987865602, 0.07420392263170067], "1TCA": [-1.1636325537804364, -6.264182389040016], "1SBT": [-2.2811404443600134, -5.515204054663326], "1FX8": [-1.7030776804906844, -2.729530379912674], "1POC": [0.36812082896089215, -2.5301068056392104], "1ITB": [0.3891717435454602, 0.43336502565532725], "4J4A": [-1.400369393946168, 14.703757682834455], "1A1R": [1.0567978930509105, -5.178460412035583], "1M2Z": [0.2462148789869148, 2.58428744531389], "1EMA": [0.3398087252064444, 0.595707162162077], "1LBA": [-0.6206970587828321, -0.36515235486335534], "1LAC": [-0.8704998311615312, 1.1568916283241264], "2GAU": [-0.03258960671715298, 1.3522762227848406], "1KMU": [-0.5540923653834794, 1.6010252807705012], "1KTW": [-0.5927736265050892, -1.7577991207346644], "1Y6K": [0.1604595877319364, 0.6125618999661296], "3GFW": [-0.10363253150375841, 2.335024302218543], "1A4G": [-0.22666582744681588, -2.08190605290694], "1UX6": [-1.1727670318827739, -2.102362242455307], "1MK5": [-2.360651236322076, -8.360934873113063], "2ZK9": [-0.5777033750333049, -7.2825001368634705], "2N7C": [-1.8537991747268807, 1.8371014818916849], "3BIW": [-1.5443814768262536, -2.193641188313117], "1HGU": [0.6944624254116747, 0.6544505837278056], "3FHL": [0.480835240857225, 1.1372898381645218], "1PPN": [1.9158138456324194, -3.7568961180746303], "1FNF": [-1.7071871073430838, -4.004063901414506], "3D6F": [-0.36362929322456583, 1.1941985291668422], "1TGN": [1.3866079688017439, -7.118522414091291], "3GHG": [-0.42298386128787685, 0.08861230969380149], "1ALY": [0.546900146508239, -3.373906459697646], "1I01": [-1.3301434866967832, 0.04633761405949437], "2CAG": [-1.4041379717812412, 0.16497327666717762], "1AGS": [-0.9450319407764427, 4.420175509425735], "1NPH": [-1.1120621879886743, -1.5867203869479471], "5F55": [-1.7662034853239892, 0.49281249679328437], "1DEW": [0.40372616630037533, -0.39347112766260084], "1UO4": [0.8065466578479911, 14.68542114153835], "1KLN": [-1.305374199365932, 2.5900656162170748], "1GJ7": [5.280197115614273, 0.1648623512764724], "4MMT": [1.6712985995951712, -0.965630703901379], "1SAC": [0.08889548056235957, -1.635160273223076], "1CJL": [-0.875355444043912, -0.003136260723587775], "4YCJ": [-1.953504906073708, -1.6664116624444432], "1X7J": [0.2782844406974258, 3.9564362243341424], "4DHB": [-1.0192060509392293, 2.0316643819059146], "1JWO": [1.470907067892906, 1.8026917062437362], "2Y1W": [-0.40731741074202904, -0.25895340328132715], "2TNF": [-0.233007618038857, -0.8111522404513286], "1DUZ": [-1.5729656854478777, -2.441411691310823], "3GZN": [-0.4781955289731273, 1.8768817177065062], "1YJD": [0.27121418546628784, -3.94918132708994], "1LPY": [-2.5446838407218437, 2.587795047337279], "1RPN": [-0.9337034627800405, -0.06003266814277486], "3LLQ": [-1.1701037552403954, -3.538264929460084], "1OJ5": [0.5017142344819652, 2.5383002370835936], "1JUN": [0.7838843236335923, 5.3078437677394605], "2YJ5": [-1.7813111158142243, 2.144442631057602], "6DO5": [-1.4569418761443145, -1.156348368372812], "3R8L": [-1.6444346507750236, 1.1667284266448203], "1KB2": [1.1040927584936995, 0.38917660807199517], "1KFX": [-0.7585137112309935, 1.3100792392399618], "1RQ2": [-1.720561017245079, -0.8131946735616128], "1OHK": [-1.270857126479543, 1.6799245696219236], "1XKP": [0.33113840665794186, 1.018124935729282], "1AU2": [-0.17415240740161952, -2.763838518945647], "1UBQ": [0.0695048395697981, 5.5889902861901835], "1IGL": [7.9828918136608795, -1.5105082556455423], "2J5C": [-0.0567682346101791, 2.2177255152092195], "1XDA": [35.00175297850559, 0.08959479001321607], "1C1G": [-0.9690660016244969, 8.702203011390854], "1NDE": [-0.7399011950590768, 3.285709813887529], "1FCC": [-1.6046812548530387, -2.5076212150373434], "1LPK": [2.1566612345525678, -2.8546594456155616], "1OKB": [-1.2127102822620404, -1.3647590625619228], "1LPA": [2.4682434952403685, -4.055110229312624], "1RVE": [-0.1993344059597896, 0.22866537918222163], "1T08": [-2.3602651470160962, 1.0523740077492207], "1DP0": [-1.031984056860416, -1.0680201913393474], "3N7L": [-1.2854452454011172, -1.6775767786303295], "2GUD": [-2.5452548462039095, -6.042818513303963], "1BHM": [-0.3648231445620907, 1.889070388937215], "3NV5": [-1.3678918916003395, 2.061322954291326], "2VUE": [2.663562243558987, 2.2772965722733445], "1JWH": [1.4881039215433953, 2.2759199799920884], "3VYR": [-0.9257129669291837, 2.177225339580945], "1XNA": [-0.6446415393890657, -0.34476649622000444],