{"1H6N": [1.0242731875729862, -2.2942299866336278], "3WPC": [-2.167902710242466, 3.233482515308774], "1SMD": [-1.819494826167411, -1.557359047602434], "1GCB": [1.173288328436621, -0.23681870554162765], "1AU1": [4.163659357822452, 3.4757924229831993], "3NFY": [2.7483134728170686, 0.6808270125734305], "1BXS": [-1.2954550400852283, -0.1529356465827265], "2VCT": [3.8325866424462802, 1.7564919801384051], "1F6A": [-1.1685075203536872, -2.8338615734479244], "1F4L": [0.4202620336938909, 0.12289613244277305], "2BX6": [0.20125721160761512, 2.048186017341049], "1YSA": [10.102026126505017, -5.460972003876411], "1MS9": [-2.492461255020986, -1.545070704425981], "1AVD": [-3.7064965290246397, -4.7957621991754245], "2DTM": [-4.646436109625715, -3.1373189561951453], "1XJO": [-6.20479277236605, -3.790320820226574], "4N5F": [-2.26912644879582, -0.06941590830436709], "1Z9M": [-2.2958404091890987, -2.723480787548563], "1MSO": [-1.6564820037957477, 7.871562835084907], "3VTA": [-6.181826181833855, -1.8681178864740167], "2Z7X": [9.20401781147189, -6.583780375245335], "1GPB": [2.0025191944972827, 1.3774712540608904], "1GU4": [11.331976798029793, -5.9696184515568484], "2FSH": [1.8199192176279233, -0.9344281377453353], "1T6D": [3.298018451178376, 1.1220494750769563], "1CJY": [0.7471941853122694, 1.310539032134246], "3TOP": [-2.2388293790210962, 0.056277111424091766], "3HNG": [1.730305918301467, 1.0920378322319717], "3K5V": [1.4240818697091056, 1.2152872790240028], "4OBG": [-1.0333545955549046, -0.1653202755337731], "3QGG": [-1.9976479337337822, -0.24901428945459222], "1TGL": [-4.79594830687406, -0.009189303896946492], "1MDO": [-3.7346018800976304, 1.1564899035458427], "1A34": [-3.460251430669938, -0.8142174143638605], "1GMY": [-3.7009329278414747, -1.6786469852521513], "1KZ5": [18.100103629089066, 3.098111554624639], "1SFO": [2.002061318499175, 0.4254406054578984], "2Q8I": [0.3976067692736527, 0.8781513575750514], "3JUC": [-0.7059993650006937, -0.021819972431043264], "1DKF": [0.8516936915223109, 2.53361687302043], "2R7I": [4.308958180165346, 1.5936788358233023], "1ZEH": [-1.2289580392576873, 7.502555414911109], "1BG1": [1.8462717333406522, 1.1479073546183], "1F45": [0.4117955757708922, 1.610740447719137], "1LEW": [2.2718785268380572, 4.017904552541798], "1BMP": [-1.0220377653767636, 4.347463104246281], "1XIW": [-1.8553541853622224, -1.8615451786607422], "1VKX": [0.722968701175168, -1.5476523709199808], "1BFU": [-9.183984385554277, -3.167188752052393], "4FAJ": [-1.176867517605264, 14.682164197790408], "2AZ5": [-1.3199913583599143, 3.322737818889931], "3W3G": [0.4492390987479253, 2.7078973443386776], "3GLS": [-1.2041541797327844, 3.3725294566719763], "1HCG": [-1.2608140576451239, -2.14508623339266], "1RSG": [1.1543192715024873, 1.1539067983244904], "1CEN": [3.6488096464389, 1.7432803703869382], "2KJU": [-2.101232233217038, 7.832743072457009], "3HQ1": [-1.837218817156803, -0.8631918451690428], "1GIO": [2.8871468803294165, -4.023519866544005], "5U8A": [0.648949303145283, 0.7427195133275393], "1A52": [0.9866251395329894, 6.115436628230081], "1GSS": [-0.8905841446983935, 1.9403492985304245], "1CB6": [-0.7517984368126779, -1.9344140634230804], "1ONE": [-1.7858568211946895, -1.8127340628120987], "2WBU": [1.0761611193835419, -5.543364449715275], "1C8U": [-0.9205082221647604, 0.4594763969353173], "1FC1": [0.9415432233195562, -1.7613548597322901], "2BCG": [0.9483389569409486, -0.7649358144657072], "2HGC": [2.426558621513633, -2.585934586225837], "4G6T": [-0.1268260758858191, -1.2178948273196424], "1SPH": [-2.8645180978992717, -4.068769490235931], "1TCA": [-7.4396257681259055, -1.6507364457824714], "1SBT": [-8.366538042993719, -3.3666409819414693], "1FX8": [-6.8915138593833625, 8.334109312809892], "1POC": [-0.7096644155654309, -2.4397410809786844], "1ITB": [2.0446925793230486, -0.16254153873695246], "4J4A": [8.637513036109311, 6.337684641329817], "1A1R": [-5.563712092018187, 2.90288520796443], "1M2Z": [4.1898093182150005, -0.4620063331432557], "1EMA": [0.9121945762187332, -1.192970236706503], "1LBA": [0.3201249092199909, -2.0658750865808218], "1LAC": [0.31673817742667004, 2.2874312954412135], "2GAU": [1.0661280388208307, 1.5543469919116022], "1KMU": [2.81720123237113, 0.39082611396898087], "1KTW": [-0.5915495152610907, -2.210360142779078], "1Y6K": [1.6901214907184008, 0.8492480905600365], "3GFW": [2.909668779953288, 2.3373819152195763], "1A4G": [-2.2164381625917673, -2.2081316619331792], "1UX6": [-0.043382923019259965, -5.399043120184941], "1MK5": [-9.567737161273174, -6.453641574773904], "2ZK9": [-5.978682869396755, -0.9598743968426234], "2N7C": [2.7047789128141777, -2.2203563010699265], "3BIW": [-2.6045333123540075, 0.17283311190691944], "1HGU": [0.6381925897367665, 0.4702740572846838], "3FHL": [0.3341244910294592, 1.7009313333141023], "1PPN": [-3.107901034731805, -0.7073950670410621], "1FNF": [-5.151082563371008, -3.912822859998627], "3D6F": [-0.9216811529415062, 0.09809494161940817], "1TGN": [-6.007581560654986, -1.7049565163957638], "3GHG": [-0.6513321371893863, -8.596064581228696], "1ALY": [-3.895152760474684, -1.2415002919853915], "1I01": [-3.666595425434011, -0.5452504153522846], "2CAG": [0.9725995673977998, -2.2112410612327387], "1AGS": [4.219612096721491, 1.9626086923568364], "1NPH": [-1.9873255686234657, -3.4857948323137053], "5F55": [-3.0273218526698376, -0.22833914469445324], "1DEW": [0.00678975151574922, -0.41216621435961115], "1UO4": [10.123514436226957, 1.3074115306997947], "1KLN": [1.4236098950094094, 0.3269853211189386], "1GJ7": [1.5389000291885209, 1.3881777309661578], "4MMT": [0.08635097771581858, 0.4723699126393326], "1SAC": [-0.673096316468816, 2.1954394483883646], "1CJL": [0.28914521563815637, -3.030053391671103], "4YCJ": [-6.790271629808934, 1.1135525427441497], "1X7J": [-0.2426698656348706, 5.559490966727618], "4DHB": [3.174304402187071, -1.7762928063818177], "1JWO": [2.2827250466754943, 2.7393514999011224], "2Y1W": [-0.7725772602706819, 2.308479910899505], "2TNF": [-0.179935517239047, 2.6117047661877417], "1DUZ": [-0.9440293608226932, 6.116024684463273], "3GZN": [1.6654917756487029, 0.4018422586350389], "1YJD": [-3.354805301912691, -1.5023923304844735], "1LPY": [1.6987384917678683, -2.7027519196984753], "1RPN": [-0.3096671185091376, -0.4158978991424705], "3LLQ": [-9.913283022323883, 7.02598161868736], "1OJ5": [0.646613893169094, 0.7260550773755448], "1JUN": [4.94444791555842, -2.0636317726624074], "2YJ5": [1.7181149463968306, 1.275122921109982], "6DO5": [-9.833752568902817, 5.529357423314179], "3R8L": [0.5078637410003067, 3.333882721525599], "1KB2": [4.860679281514151, 0.21406220405278725], "1KFX": [1.0402163365098227, -0.17411281406807766], "1RQ2": [-4.641175220146745, -0.3252435494938799], "1OHK": [2.5269504481147127, -0.01258326564904548], "1XKP": [-1.3896200684774695, 2.8669961765584087], "1AU2": [-1.2203017584916886, -2.7010197073778457], "1UBQ": [2.371096825556742, -1.9689552719604146], "1IGL": [-1.9638027814899712, -0.7059656344648942], "2J5C": [2.742916887078977, 1.6532588144556497], "1XDA": [-1.2015511863637265, 8.462633875335053], "1C1G": [8.953019722833371, -5.9385152936794405], "1NDE": [1.176671733721796, 5.499880727273176], "1FCC": [-0.9648861028460356, -4.69720890751801], "1LPK": [-0.7546388697611041, -1.9704831307160415], "1OKB": [-0.3459885951546944, 0.6109881073733033], "1LPA": [-2.1159652021135478, 0.9206219118163722], "1RVE": [1.687166987636834, -1.2703577884022754], "1T08": [-1.8735368696211943, -1.879076036026463], "1DP0": [-1.298398385244426, -0.7802385414550538], "3N7L": [-0.0931732682931344, 0.9410193754371436], "2GUD": [-8.281223470766607, -4.492762187697799], "1BHM": [2.5261374411658393, 0.8204289975833613], "3NV5": [0.36726423300873856, 0.8776081803086715], "2VUE": [3.8976671451559586, 0.6723035104102895], "1JWH": [2.5015292217049514, 1.3570497638903836], "3VYR": [1.3424433187578337, 2.4697414489651335], "1XNA": [-0.33251906954505367, -2.9583440126073866], "2TRH": [-3.480169263450366, -3.3826815248051654],