{"1H6N": [-3.942799315358797, 2.8344742636799394], "3WPC": [-6.218847559759529, 9.59271608290057], "1SMD": [-4.173784292086614, 3.254391191900228], "1GCB": [-3.5943732895727534, 2.927072267414965], "1AU1": [-1.1943973713026552, -2.52225664665456], "3NFY": [-1.8836023265716915, -1.257683791436161], "1BXS": [-3.841635346501433, 3.485971486593922], "2VCT": [-1.5155298285317573, -1.7884652458009553], "1F6A": [-1.3662763959066861, -1.6682934221369443], "1F4L": [-4.570759718479124, 4.384348011182269], "2BX6": [-2.281312486173372, 0.48107671019031145], "1YSA": [-0.527483397836297, -4.893441742018294], "1MS9": [-5.068447616017491, 5.587456359222769], "1AVD": [-0.5637029916105946, -3.093290167209122], "2DTM": [-1.1377763595294024, -0.8218966666144779], "1XJO": [-1.6008143766912517, -0.2988528727828506], "4N5F": [-2.7769027897923038, 1.0623528207721344], "1Z9M": [0.06419553274274031, -2.9509938030156233], "1MSO": [15.647338258946544, 2.180833132643647], "3VTA": [-4.661647832099123, 6.097310971289157], "2Z7X": [15.647338258946544, 2.180833132643641], "1GPB": [-6.894783795789217, 8.455078736391606], "1GU4": [-0.2617255698094492, -4.420404502984468], "2FSH": [-5.740340912246492, 6.518314020007778], "1T6D": [-2.2918264919368427, -1.112763371985985], "1CJY": [-5.290587461781901, 6.621107317345785], "3TOP": [-7.909006328045622, 11.617665535822914], "3HNG": [-2.277509802302714, -0.7056226091377346], "3K5V": [-2.213181357831759, -0.2304281485349515], "4OBG": [15.647338258946549, 2.1808331326436448], "3QGG": [-4.362727177230916, 4.1468723853331735], "1TGL": [-1.6541898304321487, 0.0405004897248749], "1MDO": [-2.646634395844216, 1.5821733207977582], "1A34": [-0.6638548181752771, -2.5411733157871117], "1GMY": [-1.8113107424374928, -0.4177718825296045], "1KZ5": [15.647338258946546, 2.1808331326436448], "1SFO": [-2.868733599334621, 0.8121254479664451], "2Q8I": [-1.4787254833670185, -1.225883696415175], "3JUC": [-1.098825918347407, -3.107750852457624], "1DKF": [-1.4161716665283868, -1.3000962100927111], "2R7I": [-2.757611944059685, 0.12983080605765976], "1ZEH": [15.647338258946549, 2.180833132643645], "1BG1": [-4.693425494204797, 5.168169056282008], "1F45": [-1.2109999069304538, -1.1123228402627439], "1LEW": [15.647338258946549, 2.180833132643645], "1BMP": [0.08007274691827523, -2.717481939932362], "1XIW": [-0.2620142151979924, -3.489149914818497], "1VKX": [-2.170512202938415, -0.25802892039046915], "1BFU": [-0.8977616311776885, 1.1542484213617428], "4FAJ": [15.647338258946549, 2.180833132643645], "2AZ5": [-0.4581311105447216, -2.775001028691425], "3W3G": [-6.240186903607733, 9.259596199134513], "3GLS": [-1.825072579649324, -0.560893636190242], "1HCG": [-0.5207415235592779, -2.6624765866537117], "1RSG": [-3.995906106149234, 3.3033726539769903], "1CEN": [-2.7907560099799933, 0.3210332265184993], "2KJU": [15.647338258946549, 2.180833132643645], "3HQ1": [-4.625962525975644, 4.5626857328410635], "1GIO": [-0.9468993463211763, -3.3342773998294213], "5U8A": [-3.027566632615933, 1.3357038719206273], "1A52": [-1.5221950253275625, -0.5573807955972562], "1GSS": [-1.1770592692113049, -1.6099450715962227], "1CB6": [-5.665388294395181, 6.632906131663793], "1ONE": [-3.131870923487838, 2.1107261987904025], "2WBU": [-0.7104357111693426, -3.95552067133151], "1C8U": [-1.9678619609914512, -0.17350785824416204], "1FC1": [-1.15302098859845, -0.923580071955466], "2BCG": [-2.3653981012527594, 0.2960026186951751], "2HGC": [-0.3838396708849178, -4.269545297275635], "4G6T": [-0.32145988310801865, -3.6216123222937626], "1SPH": [0.38029703575987395, -3.4536559336251678], "1TCA": [-1.6310630655189193, 2.0243721572503914], "1SBT": [-0.9495175568436551, 1.3821997070726055], "1FX8": [-1.242441269764364, -0.18645347272995655], "1POC": [-0.6669287286950307, -2.5948302543628188], "1ITB": [-1.4390340749491395, -0.7710915301687159], "4J4A": [15.647338258946549, 2.180833132643645], "1A1R": [15.647338258946549, 2.180833132643645], "1M2Z": [15.647338258946549, 2.180833132643645], "1EMA": [-1.4436785072055998, -1.1929273824522957], "1LBA": [-1.0502615158394897, -3.0263607344343364], "1LAC": [0.2619085490194567, -3.72133448214167], "2GAU": [-1.5373954882060479, -2.05130340609439], "1KMU": [-2.400264441789615, -0.2815454883166264], "1KTW": [-3.669827235911633, 2.773721261867531], "1Y6K": [-1.0856211842270942, -2.0401829564970217], "3GFW": [-1.8289727228735544, -0.379997660057518], "1A4G": [-3.2155873186098454, 1.455195407770132], "1UX6": [-2.652571033105261, 1.1068956058940809], "1MK5": [-0.42845496181683046, -3.131922852346959], "2ZK9": [-0.6181358579394325, -1.0353490982181897], "2N7C": [-0.6938789829172839, -4.288286607278708], "3BIW": [-2.6672583482275423, 1.3916864627644312], "1HGU": [-1.104797433554667, -2.0021545629961244], "3FHL": [-2.431015455868822, 0.21763246131265993], "1PPN": [-1.555928498880822, -1.9408708300523325], "1FNF": [-2.5188784896294014, 2.1344794606454456], "3D6F": [15.647338258946549, 2.180833132643645], "1TGN": [-0.8153998573800859, -0.0544833900307463], "3GHG": [15.647338258946549, 2.180833132643645], "1ALY": [-0.29249966950123585, -2.1803162448516438], "1I01": [-1.321375847848989, -1.6903747357258105], "2CAG": [-3.9326076720063354, 2.8130676388119236], "1AGS": [-1.5743928516220844, -1.911413084762801], "1NPH": [-2.385685105949254, 0.2422306089433257], "5F55": [-5.3664860035616675, 6.296410674653208], "1DEW": [-2.088803025119431, -0.7983646132063932], "1UO4": [0.006898893412623253, -5.116121979342035], "1KLN": [-4.720031189165143, 4.623988877399405], "1GJ7": [15.647338258946549, 2.180833132643645], "4MMT": [-1.2587878236558985, -0.5332290215172526], "1SAC": [-1.3659071974291712, -1.7939180805522432], "1CJL": [-2.462610015817175, 0.07881878145177341], "4YCJ": [-0.4203744463230282, -2.15568718617667], "1X7J": [15.647338258946549, 2.180833132643645], "4DHB": [15.647338258946549, 2.180833132643645], "1JWO": [-0.6161766978142955, -3.7965257687085407], "2Y1W": [-2.59977111182218, 1.3588509430861848], "2TNF": [-0.4362478467830867, -2.3664467982820527], "1DUZ": [15.647338258946549, 2.180833132643645], "3GZN": [-2.590287535481839, 0.9888741174337877], "1YJD": [-0.6827750406994599, -1.1128589088319374], "1LPY": [-1.2829747711570125, -2.7145413241069223], "1RPN": [-2.541566501417354, -0.33126884459546674], "3LLQ": [-0.5090527381671704, -0.10579304323282367], "1OJ5": [15.647338258946549, 2.180833132643645], "1JUN": [0.1322249999586491, -4.70020276167564], "2YJ5": [-1.4090057439519237, -0.9742126326778202], "6DO5": [15.647338258946549, 2.180833132643645], "3R8L": [-2.1666398493196826, -0.2987938562486196], "1KB2": [-0.9745558689735063, -4.341551726600758], "1KFX": [-3.2736111855492656, 1.352741845857131], "1RQ2": [-1.6433777307120334, -0.25825012716378426], "1OHK": [-1.2104712438056144, -2.168187375822011], "1XKP": [-0.46615399121745754, -2.297237303672668], "1AU2": [-1.3911699365015417, -1.505339364678622], "1UBQ": [-0.09831271386285366, -4.075277937247989], "1IGL": [-0.715815797821815, -4.776098365154525], "2J5C": [-4.18461631993408, 3.0847230105478416], "1XDA": [15.647338258946549, 2.180833132643645], "1C1G": [-1.9184400563992932, -0.8321411053738348], "1NDE": [-1.4687461642779407, -0.7587725668522524], "1FCC": [-0.4127504207558711, -2.567718023671777], "1LPK": [-0.5365021732499631, -2.6645206458799913], "1OKB": [-1.6197196685617161, -1.2914721514618246], "1LPA": [-1.6472296970491327, -0.1566692917896441], "1RVE": [-1.805831696567266, -1.1388251274312586], "1T08": [15.647338258946549, 2.180833132643645], "1DP0": [-8.965673989975215, 13.283108246303764], "3N7L": [-3.38011057897773, 2.6152617379965024], "2GUD": [-0.22248313476388296, -3.046768051322855], "1BHM": [-1.2067296800136735, -1.6696442008319141], "3NV5": [-3.126197796970359, 1.339458374341225], "2VUE": [-4.686546995937824, 4.989184954025767], "1JWH": [-2.103030274946693, -0.48717205222981014], "3VYR": [-1.6356550540466417, -1.741964680177826], "1XNA": [-0.9244785207133682, -2.842879093973159],