{"1BGY": [-1.297615647315979, -0.2381916493177414], "3HMX": [-0.46568548679351807, 7.222105026245117], "1CYO": [5.258177757263184, 4.664368629455566], "6PP9": [5.345376968383789, -3.3870389461517334], "1FSD": [-9.465688705444336, -4.844563007354736], "1C3W": [-4.052814960479736, -7.926072120666504], "3PL9": [-3.271987199783325, -4.597925662994385], "6CQ2": [-1.0082868337631226, 3.3498382568359375], "1XIO": [-3.3664355278015137, -8.101325988769531], "2HDI": [3.270428419113159, 5.142787456512451], "1GAV": [-4.572390079498291, 5.072705268859863], "3C5J": [10.50943374633789, -0.8050352931022644], "1HRC": [4.588277339935303, 5.988458633422852], "4XK8": [-3.229738473892212, -5.065094947814941], "1W84": [5.694819927215576, -2.757478952407837], "2CPP": [2.989729642868042, -3.4185521602630615], "1QRD": [4.47620964050293, -2.456270933151245], "4R9N": [5.420323848724365, -5.278936386108398], "1GP1": [3.0422275066375732, -2.435399293899536], "1CPO": [-1.8510154485702515, 6.5323100090026855], "1MBO": [9.099209785461426, 2.1489293575286865], "1AMO": [4.116323471069336, 0.8886289596557617], "3ID6": [6.646705150604248, -6.428073883056641], "4HEA": [-4.578604698181152, -5.611865043640137], "1QLE": [-2.4927423000335693, -5.483168125152588], "1LPG": [2.172743320465088, 1.5150502920150757], "1QQW": [3.372649669647217, 2.637582302093506], "1QAG": [5.36326265335083, -4.466492652893066], "4WCH": [5.6976447105407715, -1.736411213874817], "1BPO": [3.337794065475464, -4.085268020629883], "5XMK": [2.4592084884643555, -7.3119988441467285], "3PCY": [-2.568171977996826, 7.744556427001953], "1J93": [2.1877191066741943, -2.7143046855926514], "1DYO": [-3.7805819511413574, 5.992327690124512], "1AQW": [1.892744541168213, -4.198580265045166], "1DPU": [-7.759910583496094, -1.3327908515930176], "1MQQ": [4.059659481048584, -0.2155691683292389], "3I6Q": [1.2265686988830566, -2.6592047214508057], "1ZOY": [-2.1646838188171387, -4.289429187774658], "6H6C": [-1.0132306814193726, 1.143175482749939], "1GGX": [6.297796249389648, 1.159955382347107], "3BZ0": [6.379641532897949, -0.964118480682373], "5ZP5": [-1.598327398300171, 4.239824295043945], "4F3S": [5.3237690925598145, 0.2177402228116989], "6EIK": [-8.289586067199707, -1.2982275485992432], "3NIR": [-5.788117408752441, 6.95762825012207], "1AG6": [-2.747818946838379, 7.641573429107666], "2XFK": [1.1346546411514282, -0.5259755253791809], "1DIY": [7.937263488769531, -1.2024892568588257], "7C3T": [-5.594461917877197, 0.713039755821228], "2YCC": [4.129788398742676, 5.7117919921875], "2DN1": [-3.860504150390625, 0.35432758927345276], "2B10": [3.9015116691589355, 5.145668983459473], "1JWA": [-4.628655433654785, -0.6995174288749695], "3U7Q": [3.82625150680542, 0.503828763961792], "3K3R": [4.105165481567383, -8.11181640625], "1DAA": [4.9540791511535645, -6.274448394775391], "3UOD": [7.543784141540527, -4.424834728240967], "4PHU": [-4.684884071350098, -5.082912921905518], "2C2A": [6.508091449737549, -7.090025901794434], "6IYT": [-5.536806583404541, 1.679872751235962], "1HFE": [3.038999319076538, 3.496185779571533], "1SUO": [3.64922833442688, -2.0766513347625732], "2BXS": [3.4017350673675537, -0.5958738923072815], "5B1A": [-0.9649090766906738, -4.391964435577393], "1B33": [-3.270350456237793, 2.5137898921966553], "1FIQ": [0.7354520559310913, -0.8395025134086609], "1ATJ": [-1.7347078323364258, 5.803708076477051], "1APX": [-0.6242297291755676, 3.8678135871887207], "1LS6": [6.722542762756348, -0.2044767141342163], "4JQI": [-0.3259716033935547, 5.060603141784668], "9RUB": [-3.9573142528533936, 3.0784387588500977], "3QRJ": [6.495169162750244, -2.2525131702423096], "1URD": [-2.6271069049835205, 5.270500183105469], "3RUK": [4.912450790405273, -3.6714770793914795], "1GPE": [-2.5071640014648438, 5.223689079284668], "1L0P": [-3.047024965286255, 6.300321578979492], "4N9X": [-3.1363673210144043, -1.2732057571411133], "1FYT": [5.1949872970581055, 2.0787713527679443], "3E6I": [8.52101993560791, -1.9158189296722412], "7C01": [-1.254394292831421, 7.045835494995117], "1W0F": [9.515010833740234, -2.517073631286621], "4F4M": [-4.898696422576904, 3.986719846725464], "1PQ2": [7.897271156311035, -2.7956817150115967], "3WU2": [-3.460313081741333, -7.28225564956665], "1BKW": [-1.7260053157806396, -0.19438937306404114], "1TQN": [9.128396034240723, -2.7385993003845215], "4NT8": [-1.8560817241668701, -1.2179254293441772], "2HP0": [-4.565654754638672, 3.2178587913513184], "6GCI": [-4.192575454711914, 3.906686782836914], "3NUV": [-4.806972980499268, 1.1158387660980225], "3CPP": [2.989729642868042, -3.4185521602630615], "3QM8": [-4.003126621246338, -0.9112312197685242], "1HSA": [-7.198094367980957, 1.3472999334335327], "2F9Q": [-0.03636372834444046, -1.8505879640579224], "3OC4": [2.8455820083618164, -4.853298187255859], "3L3Q": [-9.471704483032227, -4.82454252243042], "6QND": [-1.0892637968063354, 2.7891876697540283], "2B3R": [5.386659622192383, 2.264443874359131], "6IAU": [-3.4764037132263184, 3.794340133666992], "2LH2": [-4.0084967613220215, -1.6597105264663696], "2CJW": [4.699383735656738, -8.461376190185547], "3N07": [0.8931459784507751, -3.916221857070923], "4P6X": [8.167191505432129, -6.6728196144104], "1AM7": [2.482451915740967, 5.217265605926514], "3S9V": [6.3188934326171875, -4.782818794250488], "1U19": [-2.963566303253174, -7.3827924728393555], "1QMV": [2.0528390407562256, 0.27409324049949646], "1CF3": [-3.267167568206787, 5.091308116912842], "3ZHE": [6.930989742279053, -3.9660632610321045], "1A3N": [-3.8585853576660156, 0.342829167842865], "6KJ6": [4.512287616729736, -8.017281532287598], "1M0L": [-4.052814960479736, -7.926072120666504], "5XNL": [-3.257727861404419, -5.878092288970947], "5TLO": [10.343009948730469, -6.616386413574219], "2PJA": [-0.07298353314399719, 6.194584846496582], "1DO7": [9.097920417785645, 2.1494574546813965], "2V0M": [9.5938138961792, -2.7112507820129395], "2NN2": [-3.009485960006714, -3.745335578918457], "4DNM": [-6.801961421966553, -0.31809112429618835], "1NU9": [5.982027530670166, 4.095951080322266], "2HI4": [3.4043381214141846, -1.7231159210205078], "1AMU": [4.577999114990234, -5.540301322937012], "3TH5": [1.3890247344970703, -2.1773860454559326], "1YVB": [4.437753677368164, -4.634239673614502], "4AM6": [5.715264797210693, -6.3648247718811035], "3H1D": [7.187055587768555, -4.947933197021484], "1R5H": [2.8084399700164795, 0.9460344910621643], "1VAR": [1.7097578048706055, 2.487870931625366], "1PYP": [4.297813415527344, 3.351332664489746], "1PIH": [-2.2232511043548584, 2.877495765686035], "2VZ4": [-6.799050331115723, -0.9481463432312012], "3R8H": [6.465238094329834, -3.339552879333496], "4IQR": [10.388772964477539, -6.623581886291504], "3QZV": [-6.138688087463379, 4.8102312088012695], "3S9D": [9.321298599243164, -3.652827024459839], "4UFG": [6.768985748291016, -8.25388240814209], "1QML": [-0.796019434928894, -2.687674045562744], "1R9O": [8.54609203338623, -2.5330734252929688], "6HUP": [-1.0846141576766968, -5.13775634765625], "1EQY": [1.6006243228912354, -0.8196434378623962], "1NOD": [4.2503662109375, -1.4059845209121704], "1FM9": [9.345172882080078, -6.266692638397217], "2WVZ": [3.8918752670288086, 2.319709300994873], "1RWT": [-3.900362491607666, -4.173832416534424]}