{"1BGY": [-5.699156761169434, -5.492823600769043], "3HMX": [-3.2581660747528076, -18.057477951049805], "1CYO": [13.98198127746582, -12.165834426879883], "6PP9": [3.7170639038085938, 0.2921512722969055], "1FSD": [17.419696807861328, 3.45076584815979], "1C3W": [41.53740692138672, 13.782901763916016], "3PL9": [-15.542131423950195, 27.61841583251953], "6CQ2": [-9.058541297912598, -6.405304908752441], "1XIO": [-9.860709190368652, 11.468536376953125], "2HDI": [-4.023998260498047, 11.743703842163086], "1GAV": [-36.74474334716797, -19.76778221130371], "3C5J": [-11.993030548095703, -41.257911682128906], "1HRC": [24.902610778808594, 22.9281005859375], "4XK8": [-3.9988150596618652, -0.2210257351398468], "1W84": [-17.798768997192383, -9.239869117736816], "2CPP": [34.46918487548828, -19.83395767211914], "1QRD": [-11.069086074829102, 22.270801544189453], "4R9N": [19.075584411621094, -14.425658226013184], "1GP1": [-28.65273094177246, -17.09978485107422], "1CPO": [-27.457138061523438, 2.301316499710083], "1MBO": [9.72582721710205, 43.80325698852539], "1AMO": [-5.854069232940674, -9.354828834533691], "3ID6": [11.428814888000488, -2.8743624687194824], "4HEA": [-6.983129024505615, -2.055396795272827], "1QLE": [-9.02818775177002, -11.96924877166748], "1LPG": [18.236238479614258, -35.42066192626953], "1QQW": [-2.4305906295776367, -11.973955154418945], "1QAG": [17.018945693969727, -27.025142669677734], "4WCH": [-7.0394978523254395, 29.516483306884766], "1BPO": [0.7466523051261902, -15.14134693145752], "5XMK": [-0.4094844162464142, -41.510169982910156], "3PCY": [44.31337356567383, -4.621356964111328], "1J93": [5.294058322906494, 8.675271987915039], "1DYO": [9.745071411132812, -29.683979034423828], "1AQW": [-33.54032516479492, 7.18744421005249], "1DPU": [-21.728900909423828, -36.54042434692383], "1MQQ": [7.375494956970215, -1.4887343645095825], "3I6Q": [10.073770523071289, -22.396976470947266], "1ZOY": [-0.1454174667596817, -0.7924615144729614], "6H6C": [-29.751567840576172, -26.86250114440918], "1GGX": [22.798160552978516, -22.076204299926758], "3BZ0": [-0.8181987404823303, 33.589866638183594], "5ZP5": [-10.477115631103516, -3.0566723346710205], "4F3S": [32.84236145019531, -9.368589401245117], "6EIK": [31.9442081451416, -0.8719051480293274], "3NIR": [15.357182502746582, 25.172231674194336], "1AG6": [44.0147590637207, -2.344762086868286], "2XFK": [15.64706039428711, 9.832192420959473], "1DIY": [-0.7959098815917969, 3.0746428966522217], "7C3T": [-6.6774187088012695, 16.486087799072266], "2YCC": [29.33959197998047, 18.640060424804688], "2DN1": [27.604049682617188, 36.783905029296875], "2B10": [26.927623748779297, 19.254234313964844], "1JWA": [-26.888463973999023, 15.700762748718262], "3U7Q": [2.495755195617676, -7.461952209472656], "3K3R": [-6.781868934631348, -34.16344451904297], "1DAA": [25.39649772644043, -7.814599990844727], "3UOD": [-15.404668807983398, -18.32137107849121], "4PHU": [-11.007579803466797, 4.899433135986328], "2C2A": [24.04014778137207, 2.9463672637939453], "6IYT": [-14.378905296325684, -4.941877841949463], "1HFE": [17.863391876220703, 16.185348510742188], "1SUO": [-0.4739038348197937, 7.609549522399902], "2BXS": [5.035865306854248, -13.866137504577637], "5B1A": [-2.5379884243011475, -7.77855110168457], "1B33": [0.2954499423503876, -22.30116844177246], "1FIQ": [2.4144511222839355, -3.5309548377990723], "1ATJ": [-8.890731811523438, -24.362409591674805], "1APX": [-13.074446678161621, 16.206501007080078], "1LS6": [-32.293087005615234, 24.099924087524414], "4JQI": [10.897457122802734, 32.396297454833984], "9RUB": [-12.159202575683594, 0.4519837498664856], "3QRJ": [-13.132816314697266, -30.91193962097168], "1URD": [-33.61435317993164, -1.8181779384613037], "3RUK": [3.19816255569458, 4.498289585113525], "1GPE": [-4.638128280639648, 6.215543270111084], "1L0P": [4.521758556365967, -26.280153274536133], "4N9X": [-14.386911392211914, 8.958717346191406], "1FYT": [-26.011276245117188, 8.966350555419922], "3E6I": [1.334606409072876, 11.23806381225586], "7C01": [-4.821739196777344, -20.253013610839844], "1W0F": [3.245549201965332, 25.89374351501465], "4F4M": [1.4578521251678467, -32.771644592285156], "1PQ2": [4.356698036193848, 15.806171417236328], "3WU2": [-7.853886127471924, 1.8675894737243652], "1BKW": [-12.303117752075195, -8.53607177734375], "1TQN": [3.0841012001037598, 22.894773483276367], "4NT8": [-32.07411193847656, -9.557219505310059], "2HP0": [-15.781972885131836, 3.719655990600586], "6GCI": [-9.759012222290039, -17.412992477416992], "3NUV": [-19.976842880249023, 19.440975189208984], "3CPP": [34.46918487548828, -19.83395767211914], "3QM8": [-36.80718994140625, 14.982294082641602], "1HSA": [-25.030006408691406, -10.559064865112305], "2F9Q": [-14.231827735900879, -12.892387390136719], "3OC4": [7.766225337982178, 3.1608622074127197], "3L3Q": [28.38382339477539, -29.529876708984375], "6QND": [-16.609834671020508, -1.218379020690918], "2B3R": [30.335769653320312, 7.755743980407715], "6IAU": [-20.75766372680664, -4.8765716552734375], "2LH2": [-22.363157272338867, -20.95001983642578], "2CJW": [8.85527515411377, -38.08699035644531], "3N07": [-41.69017791748047, 1.9883008003234863], "4P6X": [-3.152644395828247, -27.674304962158203], "1AM7": [15.607817649841309, -19.69257354736328], "3S9V": [5.687467098236084, -5.149064540863037], "1U19": [-20.11320686340332, 7.342249870300293], "1QMV": [-18.764724731445312, 13.19969654083252], "1CF3": [-7.14533805847168, 7.15718412399292], "3ZHE": [5.670772552490234, -9.14891242980957], "1A3N": [29.33438491821289, 35.29932403564453], "6KJ6": [-0.0782318264245987, -5.528960704803467], "1M0L": [41.35653305053711, 16.08786392211914], "5XNL": [-5.092568397521973, 2.329237222671509], "5TLO": [-15.06958293914795, 42.80604553222656], "2PJA": [-40.73963928222656, -10.060805320739746], "1DO7": [11.94822883605957, 43.57978820800781], "2V0M": [5.783442974090576, 24.263219833374023], "2NN2": [-15.058846473693848, -24.03266716003418], "4DNM": [-21.205238342285156, 1.1687308549880981], "1NU9": [14.578970909118652, -7.440887928009033], "2HI4": [-2.996624708175659, -3.282546043395996], "1AMU": [9.22718620300293, -11.182259559631348], "3TH5": [-21.213260650634766, -28.177227020263672], "1YVB": [22.268932342529297, 9.428210258483887], "4AM6": [9.946802139282227, -6.722742080688477], "3H1D": [9.96187686920166, -16.222919464111328], "1R5H": [10.826014518737793, 7.164470195770264], "1VAR": [11.27554988861084, 18.2646484375], "1PYP": [16.336538314819336, -2.282862663269043], "1PIH": [-25.421884536743164, -4.042285442352295], "2VZ4": [-20.429346084594727, -14.382019996643066], "3R8H": [4.9472126960754395, -19.191570281982422], "4IQR": [-17.1724853515625, 41.627357482910156], "3QZV": [-23.787015914916992, 26.195457458496094], "3S9D": [25.620946884155273, -15.116198539733887], "4UFG": [18.787826538085938, -8.196022987365723], "1QML": [22.204803466796875, -2.4119467735290527], "1R9O": [1.843158483505249, 15.595829963684082], "6HUP": [-6.086350440979004, -14.631621360778809], "1EQY": [12.60357666015625, 2.2064788341522217], "1NOD": [9.729964256286621, 12.667510986328125], "1FM9": [-19.77118492126465, 39.903846740722656], "2WVZ": [1.4469877481460571, -10.745903015136719], "1RWT": [-4.036070823669434, 21.42332649230957]}