{"1BGY": [-242.06683349609375, 14.667637825012207], "3HMX": [32.39943313598633, -49.18032455444336], "1CYO": [-71.0675048828125, -248.16763305664062], "6PP9": [28.06589126586914, 34.80180740356445], "1FSD": [-242.06683349609375, 14.667637825012207], "1C3W": [113.86900329589844, -69.9552993774414], "3PL9": [-62.07557678222656, -153.32545471191406], "6CQ2": [167.16932678222656, 307.7130432128906], "1XIO": [85.05208587646484, -77.98344421386719], "2HDI": [-1.013246774673462, 98.5062484741211], "1GAV": [-113.52130889892578, -188.5255889892578], "3C5J": [-242.06683349609375, 14.667637825012207], "1HRC": [-117.59989166259766, -257.8158874511719], "4XK8": [-242.06683349609375, 14.667637825012207], "1W84": [59.764305114746094, 85.12454223632812], "2CPP": [94.56712341308594, 141.64715576171875], "1QRD": [1.749661922454834, 10.12605094909668], "4R9N": [-61.35966110229492, 14.91525650024414], "1GP1": [13.53709602355957, -128.1214141845703], "1CPO": [-24.99394416809082, 117.96403503417969], "1MBO": [-147.97256469726562, -114.28033447265625], "1AMO": [132.95191955566406, 251.45590209960938], "3ID6": [-66.91900634765625, -12.982211112976074], "4HEA": [104.80583953857422, -15.74245548248291], "1QLE": [82.1191177368164, -46.73472213745117], "1LPG": [-5.807156562805176, -148.73751831054688], "1QQW": [151.74888610839844, 219.98326110839844], "1QAG": [-52.826751708984375, -55.13248825073242], "4WCH": [-109.48405456542969, -107.18132781982422], "1BPO": [181.94989013671875, 193.33447265625], "5XMK": [24.989078521728516, -203.1904754638672], "3PCY": [-114.8975601196289, -217.2960968017578], "1J93": [-3.069676160812378, 67.3304443359375], "1DYO": [14.47519588470459, -172.4105682373047], "1AQW": [19.398374557495117, -96.98492431640625], "1DPU": [-242.06683349609375, 14.667637825012207], "1MQQ": [121.16645050048828, 277.9961853027344], "3I6Q": [-27.347110748291016, 54.949378967285156], "1ZOY": [34.12689971923828, 8.1007080078125], "6H6C": [-4.247476100921631, -242.99981689453125], "1GGX": [-83.3680648803711, -50.16440963745117], "3BZ0": [37.10774230957031, 94.52213287353516], "5ZP5": [145.8755340576172, 301.7354431152344], "4F3S": [-42.37242889404297, -24.396696090698242], "6EIK": [-242.06683349609375, 14.667637825012207], "3NIR": [-153.4150390625, -217.12889099121094], "1AG6": [-94.73090362548828, -213.4024200439453], "2XFK": [72.83493041992188, 109.50634765625], "1DIY": [120.2524642944336, 228.18638610839844], "7C3T": [52.06459426879883, -130.0872344970703], "2YCC": [-100.02901458740234, -245.18585205078125], "2DN1": [-137.9028778076172, -149.5626220703125], "2B10": [-44.00587463378906, -80.94939422607422], "1JWA": [-46.171321868896484, -179.2259063720703], "3U7Q": [126.60973358154297, 198.6717071533203], "3K3R": [-29.41469955444336, -199.09310913085938], "1DAA": [-47.31943893432617, 37.67716598510742], "3UOD": [-19.473966598510742, -7.800259113311768], "4PHU": [9.051557540893555, 176.60812377929688], "2C2A": [-85.53294372558594, -3.9625072479248047], "6IYT": [19.282039642333984, 142.47598266601562], "1HFE": [27.664398193359375, -14.639642715454102], "1SUO": [153.31822204589844, 133.463134765625], "2BXS": [101.28540802001953, 199.5840301513672], "5B1A": [-56.900787353515625, -131.55186462402344], "1B33": [-3.312638521194458, -188.72872924804688], "1FIQ": [134.2147216796875, 106.26889038085938], "1ATJ": [-48.124759674072266, 99.07102966308594], "1APX": [-18.47673797607422, -45.097572326660156], "1LS6": [55.38818359375, 51.9001579284668], "4JQI": [-242.06683349609375, 14.667637825012207], "9RUB": [54.179630279541016, 174.9457550048828], "3QRJ": [52.38420104980469, -14.162606239318848], "1URD": [33.994285583496094, 224.80691528320312], "3RUK": [156.97796630859375, 185.60165405273438], "1GPE": [169.88233947753906, 252.9749298095703], "1L0P": [196.39442443847656, 262.15777587890625], "4N9X": [58.38377380371094, 136.68165588378906], "1FYT": [-242.06683349609375, 14.667637825012207], "3E6I": [167.55947875976562, 155.6717529296875], "7C01": [36.77986526489258, -68.20274353027344], "1W0F": [186.05885314941406, 115.25953674316406], "4F4M": [54.910491943359375, -174.74081420898438], "1PQ2": [199.3692169189453, 160.87664794921875], "3WU2": [-242.06683349609375, 14.667637825012207], "1BKW": [116.10381317138672, 36.983253479003906], "1TQN": [208.86451721191406, 132.0739288330078], "4NT8": [21.536205291748047, -237.72866821289062], "2HP0": [60.70804977416992, 197.832763671875], "6GCI": [29.42098617553711, -155.20346069335938], "3NUV": [-83.2645034790039, -179.37498474121094], "3CPP": [94.56712341308594, 141.64715576171875], "3QM8": [-104.49897003173828, -155.1444854736328], "1HSA": [-242.06683349609375, 14.667637825012207], "2F9Q": [124.40226745605469, 139.5201416015625], "3OC4": [209.4866485595703, 198.88641357421875], "3L3Q": [-242.06683349609375, 14.667637825012207], "6QND": [135.5468292236328, 20.082345962524414], "2B3R": [-59.783023834228516, -223.882080078125], "6IAU": [96.37627410888672, 48.02517318725586], "2LH2": [-94.66860961914062, -133.7387237548828], "2CJW": [-9.62132740020752, -212.051025390625], "3N07": [-22.529260635375977, -169.58851623535156], "4P6X": [-242.06683349609375, 14.667637825012207], "1AM7": [-32.268062591552734, -225.2233123779297], "3S9V": [95.47138214111328, 275.3571472167969], "1U19": [181.2108612060547, 78.25767517089844], "1QMV": [-29.979679107666016, -103.68209075927734], "1CF3": [155.80166625976562, 271.7257385253906], "3ZHE": [104.9835205078125, 106.97393035888672], "1A3N": [-125.42789459228516, -135.1430206298828], "6KJ6": [116.97051239013672, 170.7531280517578], "1M0L": [113.86900329589844, -69.9552993774414], "5XNL": [-242.06683349609375, 14.667637825012207], "5TLO": [-242.06683349609375, 14.667637825012207], "2PJA": [78.16442108154297, 3.47658109664917], "1DO7": [-136.20809936523438, -98.37682342529297], "2V0M": [207.85179138183594, 109.07467651367188], "2NN2": [-66.26419067382812, -197.52374267578125], "4DNM": [146.56056213378906, -6.902235984802246], "1NU9": [-28.034751892089844, 17.196807861328125], "2HI4": [141.6971893310547, 161.34201049804688], "1AMU": [188.22271728515625, 219.4251251220703], "3TH5": [-6.648778438568115, -110.30023193359375], "1YVB": [-17.420413970947266, -129.83091735839844], "4AM6": [87.49272918701172, 247.5728302001953], "3H1D": [87.83849334716797, 83.86772918701172], "1R5H": [131.85655212402344, 81.20548248291016], "1VAR": [-69.8128433227539, -84.39923095703125], "1PYP": [-73.37440490722656, 50.012882232666016], "1PIH": [-73.54695892333984, -278.375], "2VZ4": [-33.66432189941406, -264.6109619140625], "3R8H": [4.618737697601318, 40.126094818115234], "4IQR": [-242.06683349609375, 14.667637825012207], "3QZV": [-242.06683349609375, 14.667637825012207], "3S9D": [-36.318634033203125, -141.81044006347656], "4UFG": [-242.06683349609375, 14.667637825012207], "1QML": [25.446088790893555, 63.22534942626953], "1R9O": [184.96592712402344, 142.00357055664062], "6HUP": [65.63755798339844, 25.05034828186035], "1EQY": [2.713149309158325, -21.235553741455078], "1NOD": [87.33269500732422, 174.40882873535156], "1FM9": [-242.06683349609375, 14.667637825012207], "2WVZ": [97.10700225830078, 302.6093444824219], "1RWT": [-6.597232818603516, -75.61904907226562]}