{"1BGY": [0.9737507104873657, 0.6053365468978882], "3HMX": [-1.810796856880188, 5.970577716827393], "1CYO": [-6.660257339477539, 2.8587260246276855], "6PP9": [-4.503437042236328, -0.5207833051681519], "1FSD": [-7.4043684005737305, -3.1624395847320557], "1C3W": [-0.9225178360939026, -6.090484619140625], "3PL9": [0.46031153202056885, -2.9233999252319336], "6CQ2": [1.837501049041748, 1.2211793661117554], "1XIO": [-1.279360055923462, -5.434849262237549], "2HDI": [2.29122257232666, -2.5016531944274902], "1GAV": [-0.6233947277069092, 6.467125415802002], "3C5J": [-7.532490253448486, -0.45439520478248596], "1HRC": [3.9090628623962402, -6.964371681213379], "4XK8": [-0.18952438235282898, -3.2825849056243896], "1W84": [-2.055243492126465, 0.39674222469329834], "2CPP": [-0.08694583922624588, 1.4838449954986572], "1QRD": [-0.7697219848632812, -1.6681095361709595], "4R9N": [-5.432614803314209, 2.5660266876220703], "1GP1": [-4.642455577850342, -4.9539265632629395], "1CPO": [-3.775944948196411, -6.104454517364502], "1MBO": [-1.7087174654006958, -9.037525177001953], "1AMO": [-2.0156869888305664, -0.2984214127063751], "3ID6": [-4.783351898193359, 2.4091360569000244], "4HEA": [2.07300066947937, -1.3599905967712402], "1QLE": [-1.0733845233917236, -3.318024158477783], "1LPG": [-2.8460187911987305, 3.063526153564453], "1QQW": [-3.2163500785827637, -5.339706897735596], "1QAG": [-6.359903335571289, -1.491256594657898], "4WCH": [-2.6012260913848877, -8.31386661529541], "1BPO": [-5.204313278198242, -0.3664412200450897], "5XMK": [-5.363430023193359, 3.793879508972168], "3PCY": [1.0608420372009277, -5.810299396514893], "1J93": [-0.15187539160251617, -1.6299819946289062], "1DYO": [4.490421295166016, -3.884223461151123], "1AQW": [-0.6404685974121094, -0.3047460913658142], "1DPU": [3.644188404083252, 3.953178644180298], "1MQQ": [-2.2258031368255615, -1.016860842704773], "3I6Q": [-2.3390777111053467, 1.5299466848373413], "1ZOY": [0.7543964385986328, -2.105499029159546], "6H6C": [0.7457985877990723, 4.678056240081787], "1GGX": [-3.167401075363159, -1.9261072874069214], "3BZ0": [-2.950291872024536, -7.796418190002441], "5ZP5": [1.715855360031128, 0.2823164463043213], "4F3S": [-4.061424732208252, 0.6977237462997437], "6EIK": [5.5996880531311035, 3.691911220550537], "3NIR": [-2.7474746704101562, 3.626558303833008], "1AG6": [1.0851619243621826, -5.7238335609436035], "2XFK": [-1.5552805662155151, -1.5008387565612793], "1DIY": [-3.0916740894317627, -3.3577566146850586], "7C3T": [4.791992664337158, 0.7688027024269104], "2YCC": [3.8501646518707275, -6.609664440155029], "2DN1": [-0.14659593999385834, -9.937381744384766], "2B10": [3.6146721839904785, -6.245667934417725], "1JWA": [3.907865047454834, 0.02761031687259674], "3U7Q": [-2.7692928314208984, -0.6420464515686035], "3K3R": [2.3054466247558594, 3.219139814376831], "1DAA": [-5.538113117218018, 1.7267472743988037], "3UOD": [-0.25663596391677856, 0.4628972113132477], "4PHU": [2.246392011642456, -1.3858705759048462], "2C2A": [-4.951213359832764, 2.506584644317627], "6IYT": [5.412627220153809, -0.11081456393003464], "1HFE": [-1.5140411853790283, -0.4452187120914459], "1SUO": [-3.7462658882141113, -4.244690418243408], "2BXS": [-2.835033893585205, 1.2182410955429077], "5B1A": [-1.2177767753601074, -2.9342639446258545], "1B33": [-0.20515143871307373, 3.2121896743774414], "1FIQ": [-0.3655622601509094, -2.4315390586853027], "1ATJ": [-5.240030765533447, -5.7447638511657715], "1APX": [0.7838606834411621, -1.2352542877197266], "1LS6": [-3.571889638900757, -2.6364994049072266], "4JQI": [-1.139569878578186, 4.5998311042785645], "9RUB": [3.43239164352417, -0.46831896901130676], "3QRJ": [-3.1588025093078613, -0.08674603700637817], "1URD": [2.4197089672088623, -4.033968448638916], "3RUK": [-5.90549373626709, -1.2012194395065308], "1GPE": [2.8561978340148926, -3.3459219932556152], "1L0P": [3.170006513595581, -3.339279890060425], "4N9X": [3.088923454284668, 2.6455488204956055], "1FYT": [-2.791041374206543, 5.354759693145752], "3E6I": [-4.071981430053711, -3.937025308609009], "7C01": [-1.6304991245269775, 6.108745574951172], "1W0F": [-4.898873805999756, -3.1981937885284424], "4F4M": [5.369729042053223, -2.6639699935913086], "1PQ2": [-5.145636558532715, -3.9763920307159424], "3WU2": [-0.730384886264801, -4.42548131942749], "1BKW": [1.688309669494629, 1.4607948064804077], "1TQN": [-4.857882976531982, -3.185560464859009], "4NT8": [2.8329455852508545, 0.6702097058296204], "2HP0": [3.410181760787964, -0.8093008995056152], "6GCI": [4.712767601013184, -3.051255464553833], "3NUV": [4.468845844268799, -0.9971926808357239], "3CPP": [-0.0869932547211647, 1.484325885772705], "3QM8": [0.9654580354690552, -8.188826560974121], "1HSA": [5.466667652130127, 2.5863988399505615], "2F9Q": [0.357998788356781, 1.7407329082489014], "3OC4": [-5.439389705657959, 0.5771608352661133], "3L3Q": [5.071703910827637, 4.610630512237549], "6QND": [3.7536275386810303, 1.0742318630218506], "2B3R": [-2.9843955039978027, 5.482208728790283], "6IAU": [2.219822406768799, 1.4711246490478516], "2LH2": [0.9629422426223755, -8.227947235107422], "2CJW": [1.2552303075790405, 3.102280855178833], "3N07": [-1.071772575378418, 3.159925937652588], "4P6X": [-5.321451663970947, 4.684139251708984], "1AM7": [2.5960333347320557, 3.832998275756836], "3S9V": [-3.153287887573242, -0.5340578556060791], "1U19": [-1.7532545328140259, -4.315908908843994], "1QMV": [0.5563822984695435, -1.0506935119628906], "1CF3": [2.9447779655456543, -3.013359308242798], "3ZHE": [-3.8602209091186523, -0.39494678378105164], "1A3N": [-0.14404049515724182, -9.938535690307617], "6KJ6": [1.4451264142990112, 2.8566672801971436], "1M0L": [-0.9226016402244568, -6.090425491333008], "5XNL": [-0.40947815775871277, -4.196798801422119], "5TLO": [2.69061279296875, 7.388187885284424], "2PJA": [4.616491317749023, -4.713263511657715], "1DO7": [-1.7026066780090332, -9.035222053527832], "2V0M": [-4.957380771636963, -3.1794331073760986], "2NN2": [0.9399467706680298, -0.023790214210748672], "4DNM": [4.730555057525635, 2.0611371994018555], "1NU9": [-4.09470272064209, 1.7328846454620361], "2HI4": [-3.3785738945007324, -3.890097141265869], "1AMU": [-5.536925792694092, 0.8520975708961487], "3TH5": [-2.0422470569610596, 2.1803736686706543], "1YVB": [-3.5463364124298096, 0.8344697952270508], "4AM6": [-6.225139617919922, -0.29552435874938965], "3H1D": [-3.578145980834961, -1.0924607515335083], "1R5H": [-2.7445414066314697, 1.9380104541778564], "1VAR": [2.8564419746398926, -5.75381326675415], "1PYP": [-6.575653076171875, 1.531218409538269], "1PIH": [5.807269096374512, 1.3686124086380005], "2VZ4": [3.892317295074463, 2.568760633468628], "3R8H": [-1.636276125907898, 0.39752331376075745], "4IQR": [2.6881368160247803, 7.3844990730285645], "3QZV": [4.790817737579346, -6.871635437011719], "3S9D": [-4.776244640350342, -1.9284344911575317], "4UFG": [-8.190450668334961, 1.7099441289901733], "1QML": [-1.4089261293411255, 1.038859248161316], "1R9O": [-4.826478481292725, -3.671010971069336], "6HUP": [-1.7825437784194946, -2.702691078186035], "1EQY": [-1.6458901166915894, -1.2591350078582764], "1NOD": [-2.537346601486206, -1.3400352001190186], "1FM9": [2.6712381839752197, 7.365896224975586], "2WVZ": [-2.409522771835327, -2.142650842666626], "1RWT": [0.6267774105072021, -4.1697678565979]}